order_id,product_id,quantity,unit_price_brl,order_timestamp,customer_email,status
ORD202501141000,PROD_E,13,80.02,2025-01-14T07:40:42Z,cliente399@email.com,completed
ORD202501141001,PROD_I,4,146.21,2025-01-14T15:47:16Z,cliente711@email.com,completed
ORD202501141002,PROD_J,9,162.95,2025-01-14T22:46:35Z,cliente161@email.com,completed
ORD202501141003,PROD_G,16,98.84,2025-01-14T13:51:08Z,cliente877@email.com,completed
ORD202501141004,PROD_C,19,43.95,2025-01-14T21:15:48Z,cliente751@email.com,completed
ORD202501141005,PROD_H,1,115.66,2025-01-14T15:06:23Z,cliente387@email.com,completed
ORD202501141006,PROD_B,15,34.01,2025-01-14T21:43:05Z,cliente752@email.com,completed
ORD202501141007,PROD_D,10,64.57,2025-01-14T23:19:20Z,cliente251@email.com,completed
ORD202501141008,PROD_D,20,58.93,2025-01-14T17:23:06Z,cliente798@email.com,completed
ORD202501141009,PROD_G,20,106.51,2025-01-14T15:01:01Z,cliente736@email.com,pending
ORD202501141010,PROD_D,18,56.24,2025-01-14T00:11:46Z,cliente210@email.com,completed
ORD202501141011,PROD_D,19,58.40,2025-01-14T06:13:56Z,cliente410@email.com,completed
ORD202501141012,PROD_G,14,101.53,2025-01-14T21:54:28Z,cliente836@email.com,completed
ORD202501141013,PROD_A,9,15.14,2025-01-14T11:04:04Z,cliente62@email.com,completed
ORD202501141014,PROD_J,13,169.63,2025-01-14T02:01:33Z,cliente88@email.com,completed
ORD202501141015,PROD_F,1,92.64,2025-01-14T04:40:11Z,cliente132@email.com,shipped
ORD202501141016,PROD_J,5,139.50,2025-01-14T03:51:17Z,cliente27@email.com,completed
ORD202501141017,PROD_H,10,132.91,2025-01-14T09:25:08Z,cliente193@email.com,completed
ORD202501141018,PROD_F,14,100.08,2025-01-14T00:15:42Z,cliente905@email.com,completed
ORD202501141019,PROD_B,9,29.68,2025-01-14T23:15:29Z,cliente619@email.com,completed
ORD202501141020,PROD_J,9,160.05,2025-01-14T08:14:55Z,cliente851@email.com,completed
ORD202501141021,PROD_F,17,93.19,2025-01-14T03:56:43Z,cliente147@email.com,completed
ORD202501141022,PROD_D,9,67.12,2025-01-14T03:03:53Z,cliente754@email.com,completed
ORD202501141023,PROD_A,3,14.76,2025-01-14T05:58:20Z,cliente704@email.com,completed
ORD202501141024,PROD_J,14,150.85,2025-01-14T02:32:28Z,cliente894@email.com,completed
ORD202501141025,PROD_A,3,14.27,2025-01-14T21:28:38Z,cliente986@email.com,completed
ORD202501141026,PROD_B,17,28.05,2025-01-14T22:38:03Z,cliente546@email.com,completed
ORD202501141027,PROD_E,1,80.59,2025-01-14T11:33:09Z,cliente724@email.com,completed
ORD202501141028,PROD_A,5,15.88,2025-01-14T22:09:16Z,cliente893@email.com,shipped
ORD202501141029,PROD_C,4,46.95,2025-01-14T17:51:28Z,cliente69@email.com,completed
ORD202501141030,PROD_B,4,33.04,2025-01-14T20:11:02Z,cliente71@email.com,completed
ORD202501141031,PROD_J,2,169.12,2025-01-14T05:54:37Z,cliente190@email.com,pending
ORD202501141032,PROD_H,10,126.89,2025-01-14T03:03:34Z,cliente584@email.com,shipped
ORD202501141033,PROD_B,16,28.82,2025-01-14T04:17:38Z,cliente598@email.com,canceled
ORD202501141034,PROD_A,3,16.82,2025-01-14T23:15:07Z,cliente315@email.com,completed
ORD202501141035,PROD_D,3,65.29,2025-01-14T20:26:13Z,cliente755@email.com,completed
ORD202501141036,PROD_F,1,89.34,2025-01-14T02:23:07Z,cliente332@email.com,completed
ORD202501141037,PROD_H,19,123.79,2025-01-14T16:20:17Z,cliente630@email.com,completed
ORD202501141038,PROD_C,1,43.41,2025-01-14T12:10:30Z,cliente381@email.com,completed
ORD202501141039,PROD_A,19,15.95,2025-01-14T09:46:31Z,cliente830@email.com,completed
ORD202501141040,PROD_D,5,60.52,2025-01-14T06:30:14Z,cliente778@email.com,completed
ORD202501141041,PROD_G,5,117.04,2025-01-14T12:46:30Z,cliente43@email.com,completed
ORD202501141042,PROD_A,17,16.74,2025-01-14T01:30:59Z,cliente594@email.com,completed
ORD202501141043,PROD_D,2,59.03,2025-01-14T06:23:54Z,cliente716@email.com,completed
ORD202501141044,PROD_F,1,96.38,2025-01-14T00:05:32Z,cliente242@email.com,completed
ORD202501141045,PROD_H,1,118.85,2025-01-14T15:05:30Z,cliente62@email.com,pending
ORD202501141046,PROD_D,4,60.89,2025-01-14T00:34:06Z,cliente610@email.com,completed
ORD202501141047,PROD_I,14,145.09,2025-01-14T21:42:19Z,cliente570@email.com,completed
ORD202501141048,PROD_H,12,125.93,2025-01-14T22:22:45Z,cliente952@email.com,completed
ORD202501141049,PROD_E,2,69.83,2025-01-14T11:56:20Z,cliente240@email.com,completed
ORD202501141050,PROD_D,7,57.33,2025-01-14T13:32:55Z,cliente76@email.com,completed
ORD202501141051,PROD_J,18,153.26,2025-01-14T07:25:24Z,cliente890@email.com,completed
ORD202501141052,PROD_J,12,164.25,2025-01-14T01:41:40Z,cliente666@email.com,completed
ORD202501141053,PROD_B,3,31.26,2025-01-14T05:30:33Z,cliente324@email.com,completed
ORD202501141054,PROD_J,13,140.25,2025-01-14T15:30:15Z,cliente906@email.com,completed
ORD202501141055,PROD_H,15,135.38,2025-01-14T21:49:18Z,cliente380@email.com,completed
ORD202501141056,PROD_D,10,63.55,2025-01-14T04:01:28Z,cliente843@email.com,completed
ORD202501141057,PROD_J,1,150.92,2025-01-14T14:47:02Z,cliente200@email.com,completed
ORD202501141058,PROD_D,17,65.27,2025-01-14T11:59:15Z,cliente33@email.com,completed
ORD202501141059,PROD_E,20,74.90,2025-01-14T12:12:59Z,cliente898@email.com,completed
ORD202501141060,PROD_B,14,29.34,2025-01-14T23:23:56Z,cliente392@email.com,shipped
ORD202501141061,PROD_E,7,81.11,2025-01-14T21:58:20Z,cliente828@email.com,completed
ORD202501141062,PROD_F,4,83.95,2025-01-14T22:26:02Z,cliente480@email.com,completed
ORD202501141063,PROD_J,5,149.34,2025-01-14T04:48:57Z,cliente837@email.com,completed
ORD202501141064,PROD_E,16,84.86,2025-01-14T13:43:01Z,cliente898@email.com,completed
ORD202501141065,PROD_B,7,32.76,2025-01-14T11:56:15Z,cliente344@email.com,completed
ORD202501141066,PROD_C,14,45.79,2025-01-14T00:20:29Z,cliente767@email.com,completed
ORD202501141067,PROD_H,19,131.73,2025-01-14T11:49:58Z,cliente854@email.com,completed
ORD202501141068,PROD_A,13,14.71,2025-01-14T18:53:50Z,cliente413@email.com,completed
ORD202501141069,PROD_E,10,85.08,2025-01-14T10:44:50Z,cliente416@email.com,completed
ORD202501141070,PROD_B,13,28.22,2025-01-14T21:26:52Z,cliente40@email.com,completed
ORD202501141071,PROD_C,5,50.03,2025-01-14T03:22:49Z,cliente850@email.com,completed
ORD202501141072,PROD_I,1,150.10,2025-01-14T09:15:42Z,cliente169@email.com,pending
ORD202501141073,PROD_C,17,51.04,2025-01-14T07:07:32Z,cliente61@email.com,completed
ORD202501141074,PROD_G,16,112.23,2025-01-14T06:33:22Z,cliente246@email.com,completed
ORD202501141075,PROD_I,7,152.61,2025-01-14T14:29:57Z,cliente373@email.com,completed
ORD202501141076,PROD_G,17,98.24,2025-01-14T12:29:48Z,cliente976@email.com,completed
ORD202501141077,PROD_D,11,62.32,2025-01-14T22:46:54Z,cliente234@email.com,completed
ORD202501141078,PROD_J,14,158.08,2025-01-14T20:57:57Z,cliente537@email.com,completed
ORD202501141079,PROD_C,18,50.23,2025-01-14T09:42:50Z,cliente473@email.com,completed
ORD202501141080,PROD_C,19,44.43,2025-01-14T14:15:55Z,cliente887@email.com,completed
ORD202501141081,PROD_I,10,152.20,2025-01-14T23:20:55Z,cliente633@email.com,canceled
ORD202501141082,PROD_I,1,147.56,2025-01-14T20:52:05Z,cliente264@email.com,completed
ORD202501141083,PROD_G,16,111.48,2025-01-14T10:42:35Z,cliente144@email.com,completed
ORD202501141084,PROD_B,3,,2025-01-14T22:15:26Z,cliente357@email.com,completed
ORD202501141085,PROD_E,2,79.62,2025-01-14T08:39:00Z,cliente215@email.com,completed
ORD202501141086,PROD_B,13,32.92,2025-01-14T13:47:00Z,cliente57@email.com,completed
ORD202501141087,PROD_F,10,89.74,2025-01-14T04:52:23Z,cliente647@email.com,completed
ORD202501141088,PROD_H,4,132.81,2025-01-14T12:57:53Z,cliente984@email.com,canceled
ORD202501141089,PROD_I,15,151.98,2025-01-14T09:50:30Z,cliente39@email.com,completed
ORD202501141090,PROD_A,1,15.81,2025-01-14T16:25:36Z,cliente751@email.com,completed
ORD202501141091,PROD_H,11,121.10,2025-01-14T04:52:05Z,cliente381@email.com,completed
ORD202501141092,PROD_B,12,34.00,2025-01-14T18:25:03Z,cliente797@email.com,completed
ORD202501141093,PROD_J,1,164.28,2025-01-14T01:43:09Z,cliente52@email.com,completed
ORD202501141094,PROD_E,9,82.92,2025-01-14T03:22:18Z,cliente946@email.com,pending
ORD202501141095,PROD_I,12,151.71,2025-01-14T18:29:50Z,cliente14@email.com,shipped
ORD202501141096,PROD_H,2,132.11,2025-01-14T22:42:43Z,cliente59@email.com,completed
ORD202501141097,PROD_E,15,79.59,2025-01-14T15:43:53Z,cliente773@email.com,shipped
ORD202501141098,PROD_D,7,58.59,2025-01-14T15:54:47Z,cliente108@email.com,completed
ORD202501141099,PROD_H,4,122.69,2025-01-14T18:48:17Z,cliente288@email.com,completed
ORD202501141100,PROD_G,3,109.81,2025-01-14T06:03:35Z,cliente542@email.com,pending
ORD202501141101,PROD_A,10,15.03,2025-01-14T23:18:23Z,cliente810@email.com,completed
ORD202501141102,PROD_B,2,30.64,2025-01-14T01:22:09Z,cliente949@email.com,completed
ORD202501141103,PROD_C,11,46.30,2025-01-14T22:25:35Z,cliente0@email.com,completed
ORD202501141104,PROD_D,11,66.34,2025-01-14T22:48:40Z,cliente538@email.com,completed
ORD202501141105,PROD_B,12,30.46,2025-01-14T23:59:40Z,cliente881@email.com,completed
ORD202501141106,PROD_D,13,59.42,2025-01-14T00:38:53Z,cliente430@email.com,completed
ORD202501141107,PROD_E,6,81.07,2025-01-14T08:59:23Z,cliente480@email.com,completed
ORD202501141108,PROD_C,16,43.00,2025-01-14T12:37:49Z,cliente757@email.com,completed
ORD202501141109,PROD_J,5,161.39,2025-01-14T18:15:23Z,cliente761@email.com,completed
ORD202501141110,PROD_E,13,82.84,2025-01-14T10:39:45Z,cliente295@email.com,completed
ORD202501141111,PROD_A,19,14.93,2025-01-14T20:14:07Z,cliente681@email.com,completed
ORD202501141112,PROD_D,20,55.90,2025-01-14T22:59:01Z,cliente572@email.com,completed
ORD202501141113,PROD_D,3,59.29,2025-01-14T18:26:17Z,cliente153@email.com,completed
ORD202501141114,PROD_I,13,142.54,2025-01-14T11:45:31Z,cliente749@email.com,completed
ORD202501141115,PROD_J,9,159.11,2025-01-14T14:12:35Z,cliente148@email.com,completed
ORD202501141116,PROD_J,10,150.66,2025-01-14T02:45:01Z,cliente481@email.com,completed
ORD202501141117,PROD_J,11,168.02,2025-01-14T01:42:02Z,cliente278@email.com,pending
ORD202501141118,PROD_F,13,101.08,2025-01-14T08:13:14Z,cliente791@email.com,completed
ORD202501141119,PROD_J,10,167.76,2025-01-14T23:40:40Z,cliente434@email.com,completed
ORD202501141120,PROD_E,1,,2025-01-14T01:53:38Z,cliente0@email.com,completed
ORD202501141121,PROD_F,5,95.79,2025-01-14T15:44:50Z,cliente933@email.com,completed
ORD202501141122,PROD_D,20,62.55,2025-01-14T02:57:01Z,cliente162@email.com,completed
ORD202501141123,PROD_E,6,71.66,2025-01-14T23:33:04Z,cliente429@email.com,shipped
ORD202501141124,PROD_J,8,168.99,2025-01-14T22:28:52Z,cliente52@email.com,completed
ORD202501141125,PROD_B,15,30.47,2025-01-14T01:20:23Z,cliente1@email.com,completed
ORD202501141126,PROD_C,4,44.84,2025-01-14T06:22:19Z,cliente108@email.com,completed
ORD202501141127,PROD_J,9,168.77,2025-01-14T12:24:00Z,cliente559@email.com,shipped
ORD202501141128,PROD_H,19,117.34,2025-01-14T00:32:30Z,cliente980@email.com,completed
ORD202501141129,PROD_H,6,119.53,2025-01-14T01:48:28Z,cliente766@email.com,canceled
ORD202501141130,PROD_D,13,68.03,2025-01-14T22:22:00Z,cliente658@email.com,completed
ORD202501141131,PROD_C,11,47.35,2025-01-14T14:23:57Z,cliente554@email.com,completed
ORD202501141132,PROD_E,11,73.73,2025-01-14T07:54:52Z,cliente542@email.com,completed
ORD202501141133,PROD_A,7,16.65,2025-01-14T16:44:00Z,cliente200@email.com,completed
ORD202501141134,PROD_C,1,44.14,2025-01-14T03:07:30Z,cliente730@email.com,completed
ORD202501141135,PROD_A,2,16.31,2025-01-14T20:23:06Z,cliente665@email.com,completed
ORD202501141136,PROD_C,1,50.56,2025-01-14T23:57:49Z,cliente668@email.com,completed
ORD202501141137,PROD_I,12,126.86,2025-01-14T20:07:35Z,cliente207@email.com,completed
ORD202501141138,PROD_I,8,148.15,2025-01-14T08:18:13Z,cliente402@email.com,completed
ORD202501141139,PROD_C,12,43.65,2025-01-14T05:27:52Z,cliente269@email.com,canceled
ORD202501141140,PROD_I,4,144.30,2025-01-14T02:12:52Z,cliente925@email.com,completed
ORD202501141141,PROD_B,12,29.48,2025-01-14T16:50:25Z,cliente45@email.com,completed
ORD202501141142,PROD_E,18,85.10,2025-01-14T23:29:11Z,cliente201@email.com,completed
ORD202501141143,PROD_H,8,134.52,2025-01-14T07:31:06Z,cliente375@email.com,completed
ORD202501141144,PROD_H,2,123.37,2025-01-14T06:49:25Z,cliente953@email.com,completed
ORD202501141145,PROD_H,15,128.47,2025-01-14T08:13:34Z,cliente250@email.com,completed
ORD202501141146,PROD_F,18,95.08,2025-01-14T02:38:59Z,cliente880@email.com,completed
ORD202501141147,PROD_F,19,92.11,2025-01-14T19:10:32Z,cliente460@email.com,completed
ORD202501141148,PROD_B,3,30.37,2025-01-14T12:16:28Z,cliente833@email.com,completed
ORD202501141149,PROD_H,15,134.02,2025-01-14T00:02:15Z,cliente896@email.com,completed
ORD202501141150,PROD_A,20,15.52,2025-01-14T07:40:12Z,cliente29@email.com,completed
ORD202501141151,PROD_G,8,117.50,2025-01-14T10:51:16Z,cliente704@email.com,completed
ORD202501141152,PROD_I,11,131.28,2025-01-14T11:27:02Z,cliente814@email.com,completed
ORD202501141153,PROD_F,20,98.25,2025-01-14T11:09:38Z,cliente983@email.com,shipped
ORD202501141154,PROD_B,3,29.45,2025-01-14T03:40:12Z,cliente680@email.com,completed
ORD202501141155,PROD_G,14,114.82,2025-01-14T06:54:13Z,cliente617@email.com,completed
ORD202501141156,PROD_F,19,93.40,2025-01-14T22:20:42Z,cliente841@email.com,completed
ORD202501141157,PROD_J,7,165.69,2025-01-14T02:21:13Z,cliente558@email.com,completed
ORD202501141158,PROD_G,14,118.04,2025-01-14T17:08:23Z,cliente525@email.com,completed
ORD202501141159,PROD_D,3,61.01,2025-01-14T20:48:53Z,cliente304@email.com,completed
ORD202501141160,PROD_I,14,142.96,2025-01-14T19:04:42Z,cliente635@email.com,completed
ORD202501141161,PROD_I,6,140.02,2025-01-14T06:59:47Z,cliente334@email.com,completed
ORD202501141162,PROD_F,3,87.58,2025-01-14T00:51:07Z,cliente280@email.com,completed
ORD202501141163,PROD_D,12,61.95,2025-01-14T06:26:43Z,cliente99@email.com,completed
ORD202501141164,PROD_G,4,110.29,2025-01-14T07:50:37Z,cliente87@email.com,completed
ORD202501141165,PROD_B,13,32.57,2025-01-14T18:48:55Z,cliente478@email.com,completed
ORD202501141166,PROD_J,11,141.64,2025-01-14T08:57:19Z,cliente497@email.com,completed
ORD202501141167,PROD_F,4,98.73,2025-01-14T07:22:38Z,cliente647@email.com,completed
ORD202501141168,PROD_A,1,16.38,2025-01-14T02:14:38Z,cliente762@email.com,completed
ORD202501141169,PROD_A,11,14.45,2025-01-14T18:02:35Z,cliente718@email.com,completed
ORD202501141170,PROD_C,9,44.73,2025-01-14T12:50:11Z,cliente57@email.com,completed
ORD202501141171,PROD_E,8,74.64,2025-01-14T05:03:40Z,cliente55@email.com,completed
ORD202501141172,PROD_F,15,84.43,2025-01-14T18:24:02Z,cliente75@email.com,canceled
ORD202501141173,PROD_H,18,115.99,2025-01-14T10:08:13Z,cliente262@email.com,completed
ORD202501141174,PROD_H,7,124.21,2025-01-14T21:28:58Z,cliente804@email.com,completed
ORD202501141175,PROD_I,18,149.94,2025-01-14T23:50:50Z,cliente631@email.com,completed
ORD202501141176,PROD_D,4,64.18,2025-01-14T04:33:51Z,cliente543@email.com,completed
ORD202501141177,PROD_A,8,16.64,2025-01-14T14:46:31Z,cliente552@email.com,completed
ORD202501141178,PROD_E,9,79.55,2025-01-14T04:39:42Z,cliente294@email.com,completed
ORD202501141179,PROD_A,4,15.76,2025-01-14T00:42:44Z,cliente520@email.com,completed
ORD202501141180,PROD_C,14,,2025-01-14T02:20:13Z,cliente40@email.com,completed
ORD202501141181,PROD_J,5,168.33,2025-01-14T06:38:01Z,cliente649@email.com,canceled
ORD202501141182,PROD_C,9,42.31,2025-01-14T23:22:06Z,cliente896@email.com,completed
ORD202501141183,PROD_C,15,48.20,2025-01-14T23:14:16Z,cliente166@email.com,pending
ORD202501141184,PROD_J,16,146.08,2025-01-14T09:18:20Z,cliente843@email.com,completed
ORD202501141185,PROD_A,9,15.55,2025-01-14T11:26:33Z,cliente426@email.com,completed
ORD202501141186,PROD_G,12,116.00,2025-01-14T15:51:53Z,cliente506@email.com,completed
ORD202501141187,PROD_D,6,61.77,2025-01-14T23:44:39Z,cliente573@email.com,completed
ORD202501141188,PROD_D,20,65.53,2025-01-14T11:29:46Z,cliente245@email.com,completed
ORD202501141189,PROD_H,9,0.00,2025-01-14T19:52:08Z,cliente368@email.com,completed
ORD202501141190,PROD_B,8,32.03,2025-01-14T21:06:21Z,cliente703@email.com,completed
ORD202501141191,PROD_G,7,116.90,2025-01-14T09:25:54Z,cliente381@email.com,completed
ORD202501141192,PROD_C,9,46.27,2025-01-14T14:59:39Z,cliente581@email.com,completed
ORD202501141193,PROD_H,15,131.58,2025-01-14T01:25:31Z,cliente866@email.com,completed
ORD202501141194,PROD_A,13,16.21,2025-01-14T10:11:17Z,cliente759@email.com,completed
ORD202501141195,PROD_E,16,71.50,2025-01-14T22:50:30Z,cliente770@email.com,completed
ORD202501141196,PROD_H,19,115.41,2025-01-14T09:14:21Z,cliente25@email.com,completed
ORD202501141197,PROD_A,12,16.00,2025-01-14T00:59:11Z,cliente243@email.com,shipped
ORD202501141198,PROD_A,14,14.06,2025-01-14T03:40:18Z,cliente805@email.com,completed
ORD202501141199,PROD_I,20,125.72,2025-01-14T22:33:33Z,cliente234@email.com,completed
ORD202501141200,PROD_E,2,78.81,2025-01-14T09:45:26Z,cliente999@email.com,shipped
ORD202501141201,PROD_A,11,16.35,2025-01-14T18:38:51Z,cliente275@email.com,completed
ORD202501141202,PROD_E,7,79.24,2025-01-14T02:40:49Z,cliente436@email.com,completed
ORD202501141203,PROD_H,9,136.34,2025-01-14T03:02:36Z,cliente706@email.com,completed
ORD202501141204,PROD_D,9,66.64,2025-01-14T17:34:12Z,cliente234@email.com,shipped
ORD202501141205,PROD_H,12,126.49,2025-01-14T13:01:10Z,cliente417@email.com,completed
ORD202501141206,PROD_H,20,130.74,2025-01-14T15:28:40Z,cliente961@email.com,completed
ORD202501141207,PROD_I,10,127.06,2025-01-14T11:00:33Z,cliente657@email.com,completed
ORD202501141208,PROD_A,10,14.07,2025-01-14T20:16:35Z,cliente298@email.com,completed
ORD202501141209,PROD_G,2,111.91,2025-01-14T22:06:31Z,cliente679@email.com,shipped
ORD202501141210,PROD_A,1,14.02,2025-01-14T07:12:16Z,cliente163@email.com,completed
ORD202501141211,PROD_H,20,115.16,2025-01-14T23:40:22Z,cliente704@email.com,completed
ORD202501141212,PROD_G,5,107.81,2025-01-14T16:50:36Z,cliente314@email.com,completed
ORD202501141213,PROD_J,15,147.18,2025-01-14T18:17:55Z,cliente710@email.com,completed
ORD202501141214,PROD_H,5,125.82,2025-01-14T00:09:12Z,cliente772@email.com,completed
ORD202501141215,PROD_J,17,169.38,2025-01-14T16:12:54Z,cliente567@email.com,completed
ORD202501141216,PROD_G,18,110.87,2025-01-14T03:03:01Z,cliente421@email.com,completed
ORD202501141217,PROD_C,4,46.84,2025-01-14T20:57:47Z,cliente912@email.com,canceled
ORD202501141218,PROD_J,3,163.77,2025-01-14T02:40:31Z,cliente363@email.com,completed
ORD202501141219,PROD_H,5,117.54,2025-01-14T03:25:47Z,cliente281@email.com,completed
ORD202501141220,PROD_B,15,31.37,2025-01-14T01:20:24Z,cliente386@email.com,completed
ORD202501141221,PROD_J,2,147.14,2025-01-14T10:25:20Z,cliente326@email.com,canceled
ORD202501141222,PROD_C,20,49.94,2025-01-14T10:34:44Z,cliente418@email.com,completed
ORD202501141223,PROD_D,15,64.52,2025-01-14T20:44:27Z,cliente942@email.com,completed
ORD202501141224,PROD_D,12,66.05,2025-01-14T16:23:38Z,cliente622@email.com,completed
ORD202501141225,PROD_G,1,101.47,2025-01-14T17:36:21Z,cliente696@email.com,completed
ORD202501141226,PROD_G,7,104.93,2025-01-14T11:07:58Z,cliente436@email.com,completed
ORD202501141227,PROD_I,7,150.81,2025-01-14T16:21:39Z,cliente577@email.com,completed
ORD202501141228,PROD_G,20,114.06,2025-01-14T09:06:34Z,cliente382@email.com,completed
ORD202501141229,PROD_D,15,63.72,2025-01-14T11:56:36Z,cliente368@email.com,completed
ORD202501141230,PROD_B,13,32.29,2025-01-14T04:45:09Z,cliente643@email.com,completed
ORD202501141231,PROD_D,4,64.54,2025-01-14T08:26:45Z,cliente480@email.com,completed
ORD202501141232,PROD_I,4,145.36,2025-01-14T20:40:56Z,cliente883@email.com,completed
ORD202501141233,PROD_B,16,32.59,2025-01-14T04:35:29Z,cliente455@email.com,completed
ORD202501141234,PROD_D,5,59.40,2025-01-14T03:26:18Z,cliente576@email.com,completed
ORD202501141235,PROD_G,13,99.29,2025-01-14T09:35:08Z,cliente966@email.com,completed
ORD202501141236,PROD_G,10,114.53,2025-01-14T23:18:27Z,cliente979@email.com,completed
ORD202501141237,PROD_J,20,145.40,2025-01-14T16:06:48Z,cliente52@email.com,shipped
ORD202501141238,PROD_A,18,16.17,2025-01-14T06:40:01Z,cliente201@email.com,completed
ORD202501141239,PROD_A,6,15.80,2025-01-14T16:52:59Z,cliente371@email.com,completed
ORD202501141240,PROD_H,7,120.52,2025-01-14T07:49:51Z,cliente617@email.com,completed
ORD202501141241,PROD_H,14,125.02,2025-01-14T11:08:17Z,cliente175@email.com,completed
ORD202501141242,PROD_C,13,45.54,2025-01-14T19:41:21Z,cliente41@email.com,completed
ORD202501141243,PROD_I,1,148.22,2025-01-14T09:19:37Z,cliente727@email.com,completed
ORD202501141244,PROD_H,11,128.96,2025-01-14T09:23:01Z,cliente310@email.com,shipped
ORD202501141245,PROD_I,17,143.37,2025-01-14T07:33:50Z,cliente899@email.com,completed
ORD202501141246,PROD_D,4,66.52,2025-01-14T10:32:22Z,cliente148@email.com,completed
ORD202501141247,PROD_G,2,105.65,2025-01-14T16:29:17Z,cliente763@email.com,completed
ORD202501141248,PROD_H,9,124.48,2025-01-14T14:57:01Z,cliente846@email.com,completed
ORD202501141249,PROD_E,4,81.50,2025-01-14T17:40:35Z,cliente947@email.com,completed
ORD202501141250,PROD_D,18,62.89,2025-01-14T10:49:20Z,cliente437@email.com,completed
ORD202501141251,PROD_A,17,14.21,2025-01-14T17:35:20Z,cliente176@email.com,completed
ORD202501141252,PROD_I,15,135.37,2025-01-14T18:41:50Z,cliente6@email.com,pending
ORD202501141253,PROD_J,12,164.31,2025-01-14T01:43:42Z,cliente225@email.com,completed
ORD202501141254,PROD_C,7,50.88,2025-01-14T18:58:03Z,cliente608@email.com,completed
ORD202501141255,PROD_A,18,15.17,2025-01-14T11:05:12Z,cliente943@email.com,completed
ORD202501141256,PROD_H,17,114.62,2025-01-14T10:29:53Z,cliente714@email.com,completed
ORD202501141257,PROD_J,5,150.25,2025-01-14T19:10:52Z,cliente506@email.com,completed
ORD202501141258,PROD_E,4,82.00,2025-01-14T09:48:55Z,cliente352@email.com,completed
ORD202501141259,PROD_H,11,135.67,2025-01-14T02:27:14Z,cliente615@email.com,completed
ORD202501141260,PROD_F,4,90.39,2025-01-14T21:13:38Z,cliente273@email.com,completed
ORD202501141261,PROD_A,10,16.13,2025-01-14T03:50:27Z,cliente285@email.com,completed
ORD202501141262,PROD_E,6,69.81,2025-01-14T15:28:16Z,cliente885@email.com,completed
ORD202501141263,PROD_J,15,160.43,2025-01-14T21:18:44Z,cliente756@email.com,completed
ORD202501141264,PROD_D,3,58.10,2025-01-14T13:16:14Z,cliente50@email.com,completed
ORD202501141265,PROD_J,9,162.20,2025-01-14T22:10:21Z,cliente185@email.com,completed
ORD202501141266,PROD_A,5,16.17,2025-01-14T00:15:07Z,cliente779@email.com,completed
ORD202501141267,PROD_F,3,95.98,2025-01-14T17:23:57Z,cliente779@email.com,completed
ORD202501141268,PROD_A,10,16.61,2025-01-14T00:08:55Z,cliente297@email.com,completed
ORD202501141269,PROD_E,2,78.70,2025-01-14T13:06:55Z,cliente65@email.com,completed
ORD202501141270,PROD_D,16,63.46,2025-01-14T12:25:41Z,cliente933@email.com,completed
ORD202501141271,PROD_E,12,75.21,2025-01-14T17:47:51Z,cliente507@email.com,completed
ORD202501141272,PROD_C,4,49.01,2025-01-14T17:50:23Z,cliente463@email.com,completed
ORD202501141273,PROD_A,12,15.47,2025-01-14T21:32:59Z,cliente302@email.com,shipped
ORD202501141274,PROD_C,15,50.20,2025-01-14T02:56:10Z,cliente371@email.com,completed
ORD202501141275,PROD_F,2,94.66,2025-01-14T12:03:03Z,cliente371@email.com,completed
ORD202501141276,PROD_I,2,128.09,2025-01-14T03:16:18Z,cliente589@email.com,completed
ORD202501141277,PROD_H,16,114.91,2025-01-14T04:39:12Z,cliente617@email.com,pending
ORD202501141278,PROD_H,17,131.48,2025-01-14T14:16:08Z,cliente390@email.com,completed
ORD202501141279,PROD_G,9,104.87,2025-01-14T18:07:36Z,cliente485@email.com,completed
ORD202501141280,PROD_G,13,118.20,2025-01-14T16:33:49Z,cliente348@email.com,completed
ORD202501141281,PROD_G,1,110.09,2025-01-14T08:38:33Z,cliente609@email.com,completed
ORD202501141282,PROD_A,8,15.09,2025-01-14T10:19:16Z,cliente806@email.com,completed
ORD202501141283,PROD_E,14,70.65,2025-01-14T09:09:58Z,cliente643@email.com,canceled
ORD202501141284,PROD_E,4,84.85,2025-01-14T17:20:18Z,cliente794@email.com,completed
ORD202501141285,PROD_D,13,62.84,2025-01-14T05:38:29Z,cliente514@email.com,completed
ORD202501141286,PROD_A,1,15.51,2025-01-14T04:01:39Z,cliente664@email.com,completed
ORD202501141287,PROD_E,8,,2025-01-14T10:42:10Z,cliente703@email.com,completed
ORD202501141288,PROD_D,11,57.97,2025-01-14T18:35:55Z,cliente445@email.com,completed
ORD202501141289,PROD_H,9,119.31,2025-01-14T05:00:13Z,cliente250@email.com,completed
ORD202501141290,PROD_J,1,141.50,2025-01-14T00:01:15Z,cliente16@email.com,completed
ORD202501141291,PROD_B,20,30.99,2025-01-14T12:16:32Z,cliente374@email.com,completed
ORD202501141292,PROD_H,12,118.81,2025-01-14T17:46:19Z,cliente431@email.com,completed
ORD202501141293,PROD_C,7,42.87,2025-01-14T16:11:05Z,cliente380@email.com,completed
ORD202501141294,PROD_F,20,94.86,2025-01-14T18:40:27Z,cliente753@email.com,pending
ORD202501141295,PROD_J,1,148.35,2025-01-14T07:06:21Z,cliente738@email.com,completed
ORD202501141296,PROD_C,20,51.07,2025-01-14T12:58:08Z,cliente869@email.com,completed
ORD202501141297,PROD_E,20,76.87,2025-01-14T13:11:17Z,cliente912@email.com,completed
ORD202501141298,PROD_E,6,70.29,2025-01-14T12:07:43Z,cliente966@email.com,completed
ORD202501141299,PROD_A,16,16.33,2025-01-14T11:16:36Z,cliente659@email.com,pending
ORD202501141300,PROD_A,17,15.83,2025-01-14T16:11:57Z,cliente504@email.com,completed
ORD202501141301,PROD_C,5,48.76,2025-01-14T09:07:33Z,cliente909@email.com,completed
ORD202501141302,PROD_I,10,146.92,2025-01-14T08:57:14Z,cliente567@email.com,completed
ORD202501141303,PROD_A,3,15.85,2025-01-14T21:03:56Z,cliente144@email.com,completed
ORD202501141304,PROD_J,2,139.89,2025-01-14T14:42:23Z,cliente324@email.com,completed
ORD202501141305,PROD_I,17,135.70,2025-01-14T07:56:07Z,cliente743@email.com,completed
ORD202501141306,PROD_J,17,155.10,2025-01-14T01:23:31Z,cliente870@email.com,completed
ORD202501141307,PROD_E,4,82.77,2025-01-14T16:19:43Z,cliente236@email.com,canceled
ORD202501141308,PROD_C,9,44.71,2025-01-14T14:03:19Z,cliente725@email.com,completed
ORD202501141309,PROD_C,17,44.98,2025-01-14T11:10:22Z,cliente985@email.com,completed
ORD202501141310,PROD_B,18,30.69,2025-01-14T11:07:34Z,cliente688@email.com,canceled
ORD202501141311,PROD_H,17,114.60,2025-01-14T04:00:45Z,cliente664@email.com,pending
ORD202501141312,PROD_D,7,55.93,2025-01-14T00:42:18Z,cliente467@email.com,completed
ORD202501141313,PROD_H,3,125.01,2025-01-14T02:44:40Z,cliente869@email.com,completed
ORD202501141314,PROD_C,16,48.44,2025-01-14T07:46:46Z,cliente365@email.com,completed
ORD202501141315,PROD_G,5,109.32,2025-01-14T03:04:43Z,cliente698@email.com,completed
ORD202501141316,PROD_A,9,15.45,2025-01-14T09:52:22Z,cliente720@email.com,completed
ORD202501141317,PROD_E,13,85.15,2025-01-14T11:13:39Z,cliente622@email.com,completed
ORD202501141318,PROD_B,5,32.12,2025-01-14T11:50:50Z,cliente919@email.com,canceled
ORD202501141319,PROD_B,19,30.87,2025-01-14T06:07:12Z,cliente318@email.com,completed
ORD202501141320,PROD_C,17,49.78,2025-01-14T07:56:37Z,cliente79@email.com,completed
ORD202501141321,PROD_C,19,44.41,2025-01-14T07:53:50Z,cliente496@email.com,completed
ORD202501141322,PROD_C,5,44.09,2025-01-14T14:43:07Z,cliente571@email.com,completed
ORD202501141323,PROD_I,11,147.69,2025-01-14T04:40:37Z,cliente41@email.com,completed
ORD202501141324,PROD_C,19,46.68,2025-01-14T15:18:13Z,cliente440@email.com,completed
ORD202501141325,PROD_G,15,105.38,2025-01-14T10:06:58Z,cliente220@email.com,completed
ORD202501141326,PROD_B,9,31.13,2025-01-14T21:29:11Z,cliente688@email.com,completed
ORD202501141327,PROD_F,17,91.28,2025-01-14T20:23:34Z,cliente150@email.com,completed
ORD202501141328,PROD_F,2,93.62,2025-01-14T18:15:24Z,cliente364@email.com,completed
ORD202501141329,PROD_D,8,62.29,2025-01-14T06:53:12Z,cliente726@email.com,completed
ORD202501141330,PROD_G,5,106.70,2025-01-14T07:26:40Z,cliente643@email.com,completed
ORD202501141331,PROD_C,20,47.87,2025-01-14T05:59:24Z,cliente319@email.com,completed
ORD202501141332,PROD_D,16,62.58,2025-01-14T19:25:00Z,cliente95@email.com,completed
ORD202501141333,PROD_G,6,97.82,2025-01-14T08:19:50Z,cliente465@email.com,completed
ORD202501141334,PROD_F,15,98.38,2025-01-14T21:16:17Z,cliente684@email.com,completed
ORD202501141335,PROD_G,19,,2025-01-14T11:25:24Z,cliente955@email.com,completed
ORD202501141336,PROD_E,5,71.53,2025-01-14T09:11:12Z,cliente389@email.com,completed
ORD202501141337,PROD_A,18,15.18,2025-01-14T07:56:28Z,cliente663@email.com,completed
ORD202501141338,PROD_H,10,122.05,2025-01-14T17:59:12Z,cliente674@email.com,completed
ORD202501141339,PROD_F,4,93.97,2025-01-14T02:34:03Z,cliente284@email.com,completed
ORD202501141340,PROD_D,14,65.66,2025-01-14T14:14:52Z,cliente135@email.com,canceled
ORD202501141341,PROD_J,1,164.76,2025-01-14T23:29:48Z,cliente688@email.com,completed
ORD202501141342,PROD_J,14,156.39,2025-01-14T06:23:37Z,cliente679@email.com,completed
ORD202501141343,PROD_C,19,46.30,2025-01-14T22:52:53Z,cliente285@email.com,completed
ORD202501141344,PROD_D,13,63.49,2025-01-14T11:35:46Z,cliente407@email.com,completed
ORD202501141345,PROD_E,15,81.66,2025-01-14T19:14:20Z,cliente178@email.com,completed
ORD202501141346,PROD_H,13,131.27,2025-01-14T18:12:28Z,cliente594@email.com,completed
ORD202501141347,PROD_H,19,121.02,2025-01-14T06:28:53Z,cliente0@email.com,canceled
ORD202501141348,PROD_F,1,101.01,2025-01-14T16:33:11Z,cliente121@email.com,completed
ORD202501141349,PROD_B,19,28.84,2025-01-14T07:57:59Z,cliente534@email.com,completed
ORD202501141350,PROD_H,6,112.51,2025-01-14T15:07:03Z,cliente465@email.com,completed
ORD202501141351,PROD_I,19,148.80,2025-01-14T12:31:17Z,cliente145@email.com,completed
ORD202501141352,PROD_I,9,125.95,2025-01-14T21:00:00Z,cliente159@email.com,completed
ORD202501141353,PROD_D,1,58.63,2025-01-14T21:25:36Z,cliente445@email.com,completed
ORD202501141354,PROD_B,8,28.39,2025-01-14T20:56:32Z,cliente915@email.com,completed
ORD202501141355,PROD_F,7,95.66,2025-01-14T18:18:24Z,cliente912@email.com,completed
ORD202501141356,PROD_A,14,16.73,2025-01-14T18:50:27Z,cliente261@email.com,completed
ORD202501141357,PROD_I,11,131.88,2025-01-14T16:05:51Z,cliente962@email.com,completed
ORD202501141358,PROD_G,3,111.95,2025-01-14T05:29:32Z,cliente462@email.com,completed
ORD202501141359,PROD_J,9,169.16,2025-01-14T21:46:05Z,cliente266@email.com,completed
ORD202501141360,PROD_F,4,88.45,2025-01-14T16:38:45Z,cliente849@email.com,completed
ORD202501141361,PROD_F,11,83.78,2025-01-14T22:09:01Z,cliente592@email.com,completed
ORD202501141362,PROD_I,5,126.56,2025-01-14T12:40:22Z,cliente903@email.com,completed
ORD202501141363,PROD_A,6,16.11,2025-01-14T12:46:29Z,cliente2@email.com,completed
ORD202501141364,PROD_G,9,102.12,2025-01-14T12:36:26Z,cliente856@email.com,pending
ORD202501141365,PROD_C,19,49.62,2025-01-14T20:36:18Z,cliente300@email.com,completed
ORD202501141366,PROD_C,12,44.11,2025-01-14T17:43:13Z,cliente914@email.com,completed
ORD202501141367,PROD_F,1,100.70,2025-01-14T14:58:05Z,cliente890@email.com,completed
ORD202501141368,PROD_H,4,115.20,2025-01-14T09:23:17Z,cliente749@email.com,completed
ORD202501141369,PROD_C,20,43.44,2025-01-14T01:24:44Z,cliente360@email.com,pending
ORD202501141370,PROD_H,9,121.99,2025-01-14T08:44:56Z,cliente966@email.com,completed
ORD202501141371,PROD_H,12,128.66,2025-01-14T03:49:58Z,cliente371@email.com,completed
ORD202501141372,PROD_H,14,122.80,2025-01-14T03:22:20Z,cliente24@email.com,canceled
ORD202501141373,PROD_H,8,126.63,2025-01-14T08:11:48Z,cliente59@email.com,completed
ORD202501141374,PROD_I,16,152.40,2025-01-14T10:57:47Z,cliente146@email.com,completed
ORD202501141375,PROD_A,19,15.43,2025-01-14T19:12:06Z,cliente199@email.com,completed
ORD202501141376,PROD_D,4,59.84,2025-01-14T13:13:22Z,cliente550@email.com,completed
ORD202501141377,PROD_H,5,121.18,2025-01-14T07:17:39Z,cliente121@email.com,completed
ORD202501141378,PROD_H,12,123.22,2025-01-14T04:05:14Z,cliente6@email.com,completed
ORD202501141379,PROD_G,9,113.10,2025-01-14T23:54:43Z,cliente696@email.com,completed
ORD202501141380,PROD_H,14,112.53,2025-01-14T16:58:57Z,cliente974@email.com,completed
ORD202501141381,PROD_F,13,84.31,2025-01-14T21:25:05Z,cliente998@email.com,completed
ORD202501141382,PROD_E,16,81.74,2025-01-14T09:20:32Z,cliente817@email.com,completed
ORD202501141383,PROD_B,16,32.33,2025-01-14T15:20:51Z,cliente344@email.com,completed
ORD202501141384,PROD_G,6,106.73,2025-01-14T02:12:01Z,cliente413@email.com,completed
ORD202501141385,PROD_J,1,169.91,2025-01-14T02:43:35Z,cliente428@email.com,completed
ORD202501141386,PROD_C,18,45.99,2025-01-14T20:57:20Z,cliente974@email.com,completed
ORD202501141387,PROD_F,14,100.02,2025-01-14T04:18:07Z,cliente685@email.com,shipped
ORD202501141388,PROD_E,11,77.10,2025-01-14T13:53:16Z,cliente365@email.com,completed
ORD202501141389,PROD_B,20,32.24,2025-01-14T19:56:32Z,cliente322@email.com,completed
ORD202501141390,PROD_J,20,167.44,2025-01-14T14:05:25Z,cliente366@email.com,completed
ORD202501141391,PROD_H,9,114.08,2025-01-14T07:49:06Z,cliente214@email.com,completed
ORD202501141392,PROD_D,10,57.37,2025-01-14T18:45:51Z,cliente330@email.com,canceled
ORD202501141393,PROD_G,19,109.41,2025-01-14T18:07:34Z,cliente575@email.com,completed
ORD202501141394,PROD_D,6,62.48,2025-01-14T17:39:39Z,cliente939@email.com,pending
ORD202501141395,PROD_C,16,49.93,2025-01-14T02:42:00Z,cliente925@email.com,completed
ORD202501141396,PROD_C,18,42.25,2025-01-14T16:52:17Z,cliente897@email.com,completed
ORD202501141397,PROD_G,1,111.11,2025-01-14T10:15:40Z,cliente750@email.com,shipped
ORD202501141398,PROD_C,9,45.10,2025-01-14T02:37:02Z,cliente759@email.com,completed
ORD202501141399,PROD_F,16,95.88,2025-01-14T08:34:52Z,cliente756@email.com,completed
ORD202501141400,PROD_J,18,161.70,2025-01-14T16:14:41Z,cliente495@email.com,completed
ORD202501141401,PROD_J,2,150.09,2025-01-14T07:46:47Z,cliente20@email.com,completed
ORD202501141402,PROD_G,17,,2025-01-14T21:27:07Z,cliente947@email.com,completed
ORD202501141403,PROD_A,7,16.56,2025-01-14T09:10:29Z,cliente363@email.com,completed
ORD202501141404,PROD_H,2,133.70,2025-01-14T16:58:45Z,cliente943@email.com,completed
ORD202501141405,PROD_G,1,113.57,2025-01-14T06:45:36Z,cliente299@email.com,completed
ORD202501141406,PROD_C,17,43.69,2025-01-14T11:09:55Z,cliente977@email.com,completed
ORD202501141407,PROD_J,11,141.07,2025-01-14T15:49:51Z,cliente203@email.com,completed
ORD202501141408,PROD_A,9,14.03,2025-01-14T11:33:35Z,cliente861@email.com,completed
ORD202501141409,PROD_F,10,96.91,2025-01-14T16:04:24Z,cliente797@email.com,completed
ORD202501141410,PROD_C,7,50.08,2025-01-14T18:11:20Z,cliente650@email.com,completed
ORD202501141411,PROD_I,10,148.14,2025-01-14T16:48:57Z,cliente779@email.com,completed
ORD202501141412,PROD_H,18,,2025-01-14T10:07:30Z,cliente463@email.com,completed
ORD202501141413,PROD_J,14,139.85,2025-01-14T03:31:16Z,cliente620@email.com,completed
ORD202501141414,PROD_B,10,28.78,2025-01-14T13:17:34Z,cliente42@email.com,completed
ORD202501141415,PROD_G,12,110.13,2025-01-14T11:14:46Z,cliente285@email.com,completed
ORD202501141416,PROD_H,16,131.72,2025-01-14T10:43:19Z,cliente223@email.com,shipped
ORD202501141417,PROD_G,-2,102.24,2025-01-14T08:48:58Z,cliente556@email.com,completed
ORD202501141418,PROD_H,9,114.13,2025-01-14T05:58:08Z,cliente408@email.com,completed
ORD202501141419,PROD_H,6,124.98,2025-01-14T10:36:47Z,cliente898@email.com,shipped
ORD202501141420,PROD_J,13,162.35,2025-01-14T16:32:25Z,cliente689@email.com,completed
ORD202501141421,PROD_G,1,119.14,2025-01-14T14:52:16Z,cliente598@email.com,completed
ORD202501141422,PROD_J,5,164.09,2025-01-14T17:07:53Z,cliente134@email.com,completed
ORD202501141423,PROD_E,14,84.94,2025-01-14T08:13:45Z,cliente602@email.com,completed
ORD202501141424,PROD_D,13,63.99,2025-01-14T12:39:18Z,cliente881@email.com,completed
ORD202501141425,PROD_D,12,57.02,2025-01-14T19:29:57Z,cliente553@email.com,completed
ORD202501141426,PROD_G,19,109.70,2025-01-14T04:47:26Z,cliente364@email.com,canceled
ORD202501141427,PROD_H,18,115.77,2025-01-14T14:17:44Z,cliente768@email.com,completed
ORD202501141428,PROD_G,13,111.73,2025-01-14T15:59:26Z,cliente728@email.com,completed
ORD202501141429,PROD_C,16,45.64,2025-01-14T07:54:27Z,cliente200@email.com,completed
ORD202501141430,PROD_J,11,148.02,2025-01-14T04:04:21Z,cliente105@email.com,completed
ORD202501141431,PROD_I,15,126.84,2025-01-14T23:09:56Z,cliente17@email.com,completed
ORD202501141432,PROD_G,18,102.01,2025-01-14T09:35:17Z,cliente201@email.com,completed
ORD202501141433,PROD_D,3,65.77,2025-01-14T02:48:06Z,cliente496@email.com,completed
ORD202501141434,PROD_C,14,44.81,2025-01-14T03:59:15Z,cliente667@email.com,completed
ORD202501141435,PROD_B,11,34.05,2025-01-14T17:19:36Z,cliente946@email.com,completed
ORD202501141436,PROD_E,14,77.26,2025-01-14T00:16:50Z,cliente576@email.com,completed
ORD202501141437,PROD_B,19,0.00,2025-01-14T11:05:31Z,cliente627@email.com,completed
ORD202501141438,PROD_D,1,61.26,2025-01-14T15:26:50Z,cliente353@email.com,completed
ORD202501141439,PROD_G,18,99.12,2025-01-14T22:35:49Z,cliente763@email.com,completed
ORD202501141440,PROD_E,3,75.37,2025-01-14T11:05:02Z,cliente736@email.com,completed
ORD202501141441,PROD_J,1,163.75,2025-01-14T23:36:18Z,cliente551@email.com,completed
ORD202501141442,PROD_D,18,66.67,2025-01-14T19:47:59Z,cliente957@email.com,completed
ORD202501141443,PROD_F,6,93.70,2025-01-14T18:20:41Z,cliente48@email.com,completed
ORD202501141444,PROD_D,12,56.97,2025-01-14T07:22:53Z,cliente975@email.com,completed
ORD202501141445,PROD_J,2,167.83,2025-01-14T10:42:10Z,cliente871@email.com,completed
ORD202501141446,PROD_G,16,117.52,2025-01-14T17:29:01Z,cliente139@email.com,completed
ORD202501141447,PROD_I,6,136.80,2025-01-14T09:40:39Z,cliente557@email.com,completed
ORD202501141448,PROD_J,2,140.59,2025-01-14T21:12:25Z,cliente2@email.com,completed
ORD202501141449,PROD_H,16,120.22,2025-01-14T16:05:18Z,cliente178@email.com,canceled
ORD202501141450,PROD_I,2,134.58,2025-01-14T16:36:30Z,cliente145@email.com,completed
ORD202501141451,PROD_F,12,99.65,2025-01-14T06:03:29Z,cliente99@email.com,completed
ORD202501141452,PROD_F,9,97.38,2025-01-14T11:35:29Z,cliente489@email.com,completed
ORD202501141453,PROD_F,10,84.09,2025-01-14T15:56:59Z,cliente597@email.com,completed
ORD202501141454,PROD_G,14,117.58,2025-01-14T08:13:59Z,cliente286@email.com,completed
ORD202501141455,PROD_F,3,100.79,2025-01-14T00:32:06Z,cliente259@email.com,shipped
ORD202501141456,PROD_G,6,112.77,2025-01-14T03:29:47Z,cliente788@email.com,completed
ORD202501141457,PROD_H,3,119.67,2025-01-14T03:46:25Z,cliente228@email.com,completed
ORD202501141458,PROD_J,5,166.00,2025-01-14T05:33:43Z,cliente18@email.com,shipped
ORD202501141459,PROD_C,12,44.09,2025-01-14T09:28:37Z,cliente918@email.com,canceled
ORD202501141460,PROD_E,10,71.66,2025-01-14T10:24:47Z,cliente410@email.com,completed
ORD202501141461,PROD_I,14,128.39,2025-01-14T05:33:20Z,cliente801@email.com,canceled
ORD202501141462,PROD_A,18,17.01,2025-01-14T12:29:53Z,cliente283@email.com,completed
ORD202501141463,PROD_C,1,46.77,2025-01-14T15:31:54Z,cliente994@email.com,shipped
ORD202501141464,PROD_D,11,66.54,2025-01-14T00:26:26Z,cliente952@email.com,completed
ORD202501141465,PROD_G,20,105.48,2025-01-14T09:21:42Z,cliente914@email.com,completed
ORD202501141466,PROD_B,9,28.37,2025-01-14T22:22:57Z,cliente854@email.com,completed
ORD202501141467,PROD_B,2,31.68,2025-01-14T00:54:48Z,cliente390@email.com,completed
ORD202501141468,PROD_C,9,46.48,2025-01-14T01:53:37Z,cliente42@email.com,completed
ORD202501141469,PROD_G,17,110.16,2025-01-14T00:54:23Z,cliente389@email.com,completed
ORD202501141470,PROD_G,18,104.43,2025-01-14T04:18:02Z,cliente81@email.com,completed
ORD202501141471,PROD_H,15,120.72,2025-01-14T14:06:07Z,cliente585@email.com,completed
ORD202501141472,PROD_E,4,79.96,2025-01-14T23:50:27Z,cliente457@email.com,canceled
ORD202501141473,PROD_I,4,148.10,2025-01-14T16:17:59Z,cliente134@email.com,completed
ORD202501141474,PROD_E,2,84.68,2025-01-14T17:10:55Z,cliente415@email.com,completed
ORD202501141475,PROD_J,17,162.33,2025-01-14T10:20:27Z,cliente732@email.com,shipped
ORD202501141476,PROD_E,3,70.90,2025-01-14T11:44:38Z,cliente96@email.com,shipped
ORD202501141477,PROD_H,18,124.54,2025-01-14T21:04:19Z,cliente604@email.com,completed
ORD202501141478,PROD_F,17,92.19,2025-01-14T17:37:15Z,cliente603@email.com,shipped
ORD202501141479,PROD_G,11,117.01,2025-01-14T01:35:31Z,cliente89@email.com,completed
ORD202501141480,PROD_G,9,115.96,2025-01-14T21:57:24Z,cliente730@email.com,completed
ORD202501141481,PROD_H,19,134.11,2025-01-14T16:15:08Z,cliente813@email.com,shipped
ORD202501141482,PROD_J,20,153.70,2025-01-14T05:34:23Z,cliente753@email.com,completed
ORD202501141483,PROD_D,13,65.49,2025-01-14T20:35:39Z,cliente59@email.com,completed
ORD202501141484,PROD_D,14,59.43,2025-01-14T03:47:07Z,cliente414@email.com,completed
ORD202501141485,PROD_J,1,139.67,2025-01-14T02:19:17Z,cliente330@email.com,completed
ORD202501141486,PROD_A,18,16.83,2025-01-14T02:24:23Z,cliente368@email.com,completed
ORD202501141487,PROD_H,3,113.70,2025-01-14T22:23:05Z,cliente866@email.com,completed
ORD202501141488,PROD_D,19,66.02,2025-01-14T15:16:01Z,cliente830@email.com,completed
ORD202501141489,PROD_G,3,117.20,2025-01-14T01:43:13Z,cliente93@email.com,completed
ORD202501141490,PROD_J,3,153.09,2025-01-14T18:16:29Z,cliente21@email.com,completed
ORD202501141491,PROD_A,5,16.60,2025-01-14T15:11:40Z,cliente628@email.com,completed
ORD202501141492,PROD_B,8,,2025-01-14T07:14:18Z,cliente921@email.com,completed
ORD202501141493,PROD_C,15,50.45,2025-01-14T09:47:19Z,cliente878@email.com,completed
ORD202501141494,PROD_F,11,101.43,2025-01-14T15:45:52Z,cliente241@email.com,completed
ORD202501141495,PROD_I,17,130.86,2025-01-14T18:17:30Z,cliente678@email.com,completed
ORD202501141496,PROD_G,7,112.45,2025-01-14T04:21:14Z,cliente896@email.com,completed
ORD202501141497,PROD_I,8,135.90,2025-01-14T03:37:20Z,cliente987@email.com,completed
ORD202501141498,PROD_A,11,16.86,2025-01-14T03:42:22Z,cliente371@email.com,completed
ORD202501141499,PROD_F,8,94.83,2025-01-14T13:37:22Z,cliente928@email.com,completed
ORD202501141500,PROD_F,5,91.42,2025-01-14T16:32:20Z,cliente210@email.com,pending
ORD202501141501,PROD_F,9,96.38,2025-01-14T09:27:07Z,cliente516@email.com,completed
ORD202501141502,PROD_D,20,63.24,2025-01-14T02:17:30Z,cliente939@email.com,completed
ORD202501141503,PROD_E,20,74.91,2025-01-14T13:12:16Z,cliente480@email.com,pending
ORD202501141504,PROD_B,18,29.92,2025-01-14T06:34:29Z,cliente720@email.com,completed
ORD202501141505,PROD_C,6,49.02,2025-01-14T17:26:17Z,cliente960@email.com,completed
ORD202501141506,PROD_B,13,33.70,2025-01-14T07:30:20Z,cliente334@email.com,completed
ORD202501141507,PROD_F,8,89.64,2025-01-14T04:10:22Z,cliente314@email.com,shipped
ORD202501141508,PROD_G,19,100.17,2025-01-14T02:28:31Z,cliente831@email.com,completed
ORD202501141509,PROD_F,3,99.43,2025-01-14T02:35:17Z,cliente999@email.com,shipped
ORD202501141510,PROD_C,1,50.30,2025-01-14T16:55:41Z,cliente865@email.com,completed
ORD202501141511,PROD_D,-2,63.18,2025-01-14T09:18:28Z,cliente205@email.com,completed
ORD202501141512,PROD_B,15,29.94,2025-01-14T10:41:08Z,cliente374@email.com,completed
ORD202501141513,PROD_I,2,150.44,2025-01-14T18:40:28Z,cliente451@email.com,completed
ORD202501141514,PROD_F,4,83.92,2025-01-14T17:17:08Z,cliente778@email.com,completed
ORD202501141515,PROD_E,17,74.40,2025-01-14T14:49:39Z,cliente728@email.com,completed
ORD202501141516,PROD_I,13,148.13,2025-01-14T00:49:39Z,cliente799@email.com,completed
ORD202501141517,PROD_C,2,47.12,2025-01-14T19:54:38Z,cliente98@email.com,completed
ORD202501141518,PROD_I,1,132.82,2025-01-14T09:53:57Z,cliente363@email.com,completed
ORD202501141519,PROD_J,13,140.31,2025-01-14T19:23:00Z,cliente458@email.com,completed
ORD202501141520,PROD_E,12,74.43,2025-01-14T10:29:14Z,cliente300@email.com,shipped
ORD202501141521,PROD_C,15,42.42,2025-01-14T12:07:08Z,cliente210@email.com,completed
ORD202501141522,PROD_D,13,61.99,2025-01-14T02:29:33Z,cliente840@email.com,completed
ORD202501141523,PROD_C,6,50.10,2025-01-14T08:01:07Z,cliente522@email.com,completed
ORD202501141524,PROD_H,16,118.87,2025-01-14T16:13:03Z,cliente904@email.com,pending
ORD202501141525,PROD_F,19,99.43,2025-01-14T13:25:53Z,cliente138@email.com,canceled
ORD202501141526,PROD_F,8,98.79,2025-01-14T00:02:30Z,cliente73@email.com,completed
ORD202501141527,PROD_E,17,75.24,2025-01-14T16:35:16Z,cliente254@email.com,completed
ORD202501141528,PROD_H,8,119.37,2025-01-14T09:21:16Z,cliente221@email.com,completed
ORD202501141529,PROD_B,1,33.61,2025-01-14T06:07:16Z,cliente85@email.com,completed
ORD202501141530,PROD_G,19,118.32,2025-01-14T03:51:23Z,cliente990@email.com,completed
ORD202501141531,PROD_J,16,161.91,2025-01-14T14:09:10Z,cliente468@email.com,completed
ORD202501141532,PROD_D,6,64.07,2025-01-14T01:11:21Z,cliente250@email.com,completed
ORD202501141533,PROD_G,14,117.67,2025-01-14T23:16:30Z,cliente813@email.com,shipped
ORD202501141534,PROD_F,6,87.78,2025-01-14T21:30:07Z,cliente126@email.com,completed
ORD202501141535,PROD_C,8,49.25,2025-01-14T04:09:05Z,cliente418@email.com,completed
ORD202501141536,PROD_G,7,113.52,2025-01-14T15:59:33Z,cliente68@email.com,completed
ORD202501141537,PROD_H,12,116.38,2025-01-14T07:28:18Z,cliente598@email.com,completed
ORD202501141538,PROD_F,9,96.77,2025-01-14T06:02:08Z,cliente550@email.com,completed
ORD202501141539,PROD_E,15,80.69,2025-01-14T10:26:46Z,cliente684@email.com,completed
ORD202501141540,PROD_G,8,112.13,2025-01-14T22:31:32Z,cliente201@email.com,completed
ORD202501141541,PROD_E,10,82.56,2025-01-14T21:02:19Z,cliente368@email.com,completed
ORD202501141542,PROD_J,15,161.27,2025-01-14T10:55:21Z,cliente433@email.com,completed
ORD202501141543,PROD_C,12,49.32,2025-01-14T16:35:25Z,cliente752@email.com,completed
ORD202501141544,PROD_G,2,105.95,2025-01-14T03:06:19Z,cliente611@email.com,completed
ORD202501141545,PROD_A,3,,2025-01-14T14:33:55Z,cliente243@email.com,completed
ORD202501141546,PROD_I,1,134.26,2025-01-14T02:50:45Z,cliente825@email.com,completed
ORD202501141547,PROD_A,10,,2025-01-14T15:41:18Z,cliente765@email.com,completed
ORD202501141548,PROD_I,17,151.15,2025-01-14T23:56:50Z,cliente317@email.com,completed
ORD202501141549,PROD_D,18,60.52,2025-01-14T22:58:32Z,cliente857@email.com,completed
ORD202501141550,PROD_E,13,72.68,2025-01-14T14:51:45Z,cliente761@email.com,shipped
ORD202501141551,PROD_J,3,155.87,2025-01-14T15:54:53Z,cliente853@email.com,completed
ORD202501141552,PROD_J,10,158.33,2025-01-14T12:51:53Z,cliente747@email.com,completed
ORD202501141553,PROD_E,1,82.19,2025-01-14T13:01:52Z,cliente970@email.com,canceled
ORD202501141554,PROD_H,18,136.10,2025-01-14T05:50:07Z,cliente69@email.com,completed
ORD202501141555,PROD_B,8,29.05,2025-01-14T16:39:33Z,cliente699@email.com,completed
ORD202501141556,PROD_A,16,15.18,2025-01-14T23:32:49Z,cliente534@email.com,completed
ORD202501141557,PROD_D,17,62.25,2025-01-14T21:29:20Z,cliente783@email.com,canceled
ORD202501141558,PROD_F,13,94.99,2025-01-14T23:39:44Z,cliente254@email.com,completed
ORD202501141559,PROD_J,18,143.95,2025-01-14T08:15:04Z,cliente224@email.com,completed
ORD202501141560,PROD_D,4,60.59,2025-01-14T08:01:46Z,cliente755@email.com,completed
ORD202501141561,PROD_D,15,60.88,2025-01-14T00:48:07Z,cliente250@email.com,completed
ORD202501141562,PROD_J,10,157.41,2025-01-14T17:18:27Z,cliente824@email.com,completed
ORD202501141563,PROD_A,9,14.61,2025-01-14T19:06:30Z,cliente725@email.com,completed
ORD202501141564,PROD_D,4,57.83,2025-01-14T16:15:16Z,cliente78@email.com,completed
ORD202501141565,PROD_G,15,112.91,2025-01-14T06:26:03Z,cliente355@email.com,canceled
ORD202501141566,PROD_E,7,80.70,2025-01-14T07:18:28Z,cliente684@email.com,completed
ORD202501141567,PROD_E,9,81.55,2025-01-14T00:06:19Z,cliente764@email.com,completed
ORD202501141568,PROD_G,16,109.06,2025-01-14T18:42:38Z,cliente549@email.com,completed
ORD202501141569,PROD_H,10,128.18,2025-01-14T14:19:02Z,cliente384@email.com,completed
ORD202501141570,PROD_D,13,61.75,2025-01-14T13:43:14Z,cliente127@email.com,completed
ORD202501141571,PROD_F,20,89.32,2025-01-14T12:05:58Z,cliente622@email.com,completed
ORD202501141572,PROD_I,10,129.80,2025-01-14T15:12:31Z,cliente978@email.com,completed
ORD202501141573,PROD_H,6,130.00,2025-01-14T20:03:32Z,cliente389@email.com,completed
ORD202501141574,PROD_H,18,116.58,2025-01-14T22:24:05Z,cliente628@email.com,completed
ORD202501141575,PROD_F,4,93.58,2025-01-14T10:15:05Z,cliente360@email.com,completed
ORD202501141576,PROD_J,7,170.31,2025-01-14T17:52:45Z,cliente274@email.com,completed
ORD202501141577,PROD_H,8,113.84,2025-01-14T21:17:04Z,cliente600@email.com,completed
ORD202501141578,PROD_C,10,43.94,2025-01-14T05:34:21Z,cliente686@email.com,completed
ORD202501141579,PROD_B,6,32.12,2025-01-14T00:42:51Z,cliente808@email.com,completed
ORD202501141580,PROD_J,18,146.74,2025-01-14T09:29:05Z,cliente291@email.com,shipped
ORD202501141581,PROD_J,3,158.88,2025-01-14T11:21:24Z,cliente978@email.com,completed
ORD202501141582,PROD_G,8,100.21,2025-01-14T11:11:26Z,cliente754@email.com,completed
ORD202501141583,PROD_J,5,164.41,2025-01-14T05:45:16Z,cliente692@email.com,completed
ORD202501141584,PROD_F,19,90.22,2025-01-14T18:36:35Z,cliente891@email.com,canceled
ORD202501141585,PROD_F,1,101.10,2025-01-14T01:56:52Z,cliente68@email.com,completed
ORD202501141586,PROD_I,4,133.04,2025-01-14T21:46:16Z,cliente589@email.com,completed
ORD202501141587,PROD_C,7,43.41,2025-01-14T23:36:07Z,cliente942@email.com,completed
ORD202501141588,PROD_E,7,69.88,2025-01-14T23:58:33Z,cliente436@email.com,completed
ORD202501141589,PROD_J,8,150.20,2025-01-14T12:03:06Z,cliente330@email.com,completed
ORD202501141590,PROD_I,7,135.18,2025-01-14T08:26:29Z,cliente413@email.com,completed
ORD202501141591,PROD_B,16,28.19,2025-01-14T07:13:05Z,cliente99@email.com,shipped
ORD202501141592,PROD_C,15,50.78,2025-01-14T12:02:46Z,cliente225@email.com,canceled
ORD202501141593,PROD_I,11,133.45,2025-01-14T23:05:30Z,cliente127@email.com,completed
ORD202501141594,PROD_E,15,79.24,2025-01-14T03:48:40Z,cliente683@email.com,completed
ORD202501141595,PROD_H,17,128.30,2025-01-14T03:34:46Z,cliente130@email.com,completed
ORD202501141596,PROD_B,10,33.39,2025-01-14T02:34:56Z,cliente849@email.com,completed
ORD202501141597,PROD_I,5,147.10,2025-01-14T08:15:17Z,cliente854@email.com,completed
ORD202501141598,PROD_C,20,48.79,2025-01-14T09:41:52Z,cliente809@email.com,completed
ORD202501141599,PROD_E,5,84.57,2025-01-14T01:41:26Z,cliente128@email.com,pending
ORD202501141600,PROD_I,7,146.96,2025-01-14T05:05:49Z,cliente342@email.com,completed
ORD202501141601,PROD_B,6,32.51,2025-01-14T01:32:18Z,cliente77@email.com,completed
ORD202501141602,PROD_E,15,72.19,2025-01-14T08:23:36Z,cliente728@email.com,completed
ORD202501141603,PROD_D,13,65.85,2025-01-14T22:11:43Z,cliente735@email.com,pending
ORD202501141604,PROD_D,6,64.95,2025-01-14T19:43:11Z,cliente171@email.com,shipped
ORD202501141605,PROD_D,4,67.64,2025-01-14T03:49:52Z,cliente581@email.com,completed
ORD202501141606,PROD_A,12,14.34,2025-01-14T15:08:08Z,cliente170@email.com,canceled
ORD202501141607,PROD_H,3,122.68,2025-01-14T17:30:42Z,cliente829@email.com,completed
ORD202501141608,PROD_B,16,32.12,2025-01-14T09:53:26Z,cliente394@email.com,shipped
ORD202501141609,PROD_H,8,130.41,2025-01-14T18:29:13Z,cliente60@email.com,completed
ORD202501141610,PROD_H,11,129.85,2025-01-14T01:46:43Z,cliente684@email.com,completed
ORD202501141611,PROD_D,12,57.21,2025-01-14T02:50:46Z,cliente595@email.com,completed
ORD202501141612,PROD_G,14,112.51,2025-01-14T16:48:14Z,cliente940@email.com,pending
ORD202501141613,PROD_H,7,126.11,2025-01-14T18:19:43Z,cliente355@email.com,completed
ORD202501141614,PROD_C,13,48.01,2025-01-14T03:47:29Z,cliente500@email.com,completed
ORD202501141615,PROD_C,14,46.87,2025-01-14T06:37:55Z,cliente819@email.com,completed
ORD202501141616,PROD_J,15,151.95,2025-01-14T13:34:22Z,cliente915@email.com,completed
ORD202501141617,PROD_H,17,125.16,2025-01-14T08:24:37Z,cliente433@email.com,completed
ORD202501141618,PROD_A,11,16.42,2025-01-14T05:27:03Z,cliente767@email.com,completed
ORD202501141619,PROD_A,6,14.64,2025-01-14T18:34:36Z,cliente280@email.com,completed
ORD202501141620,PROD_J,3,162.71,2025-01-14T02:47:56Z,cliente381@email.com,completed
ORD202501141621,PROD_E,17,76.76,2025-01-14T11:11:31Z,cliente722@email.com,completed
ORD202501141622,PROD_G,8,105.89,2025-01-14T03:18:13Z,cliente274@email.com,canceled
ORD202501141623,PROD_F,19,83.85,2025-01-14T13:18:31Z,cliente818@email.com,completed
ORD202501141624,PROD_A,8,14.45,2025-01-14T18:51:34Z,cliente345@email.com,completed
ORD202501141625,PROD_A,12,14.54,2025-01-14T21:46:42Z,cliente715@email.com,completed
ORD202501141626,PROD_D,15,57.86,2025-01-14T21:35:01Z,cliente873@email.com,completed
ORD202501141627,PROD_I,10,141.17,2025-01-14T21:02:41Z,cliente50@email.com,completed
ORD202501141628,PROD_G,19,106.83,2025-01-14T08:17:57Z,cliente879@email.com,completed
ORD202501141629,PROD_D,20,59.67,2025-01-14T10:50:16Z,cliente170@email.com,shipped
ORD202501141630,PROD_B,6,33.74,2025-01-14T07:28:15Z,cliente878@email.com,completed
ORD202501141631,PROD_H,12,122.64,2025-01-14T15:12:33Z,cliente796@email.com,completed
ORD202501141632,PROD_H,13,124.77,2025-01-14T00:41:15Z,cliente200@email.com,completed
ORD202501141633,PROD_G,13,105.43,2025-01-14T18:03:21Z,cliente372@email.com,completed
ORD202501141634,PROD_H,10,113.43,2025-01-14T17:07:53Z,cliente145@email.com,completed
ORD202501141635,PROD_J,12,156.08,2025-01-14T07:00:52Z,cliente852@email.com,completed
ORD202501141636,PROD_B,9,32.10,2025-01-14T00:54:19Z,cliente7@email.com,completed
ORD202501141637,PROD_C,8,46.07,2025-01-14T14:28:12Z,cliente527@email.com,completed
ORD202501141638,PROD_C,17,47.13,2025-01-14T04:36:02Z,cliente372@email.com,completed
ORD202501141639,PROD_G,18,111.58,2025-01-14T16:17:36Z,cliente750@email.com,completed
ORD202501141640,PROD_B,10,32.94,2025-01-14T14:57:35Z,cliente535@email.com,completed
ORD202501141641,PROD_J,7,145.41,2025-01-14T19:25:43Z,cliente949@email.com,completed
ORD202501141642,PROD_G,2,103.58,2025-01-14T18:10:03Z,cliente815@email.com,completed
ORD202501141643,PROD_C,4,47.91,2025-01-14T07:34:59Z,cliente605@email.com,completed
ORD202501141644,PROD_G,10,109.98,2025-01-14T17:46:11Z,cliente314@email.com,completed
ORD202501141645,PROD_F,20,97.08,2025-01-14T17:57:52Z,cliente584@email.com,pending
ORD202501141646,PROD_H,16,117.59,2025-01-14T07:05:20Z,cliente305@email.com,completed
ORD202501141647,PROD_A,18,14.75,2025-01-14T13:06:14Z,cliente953@email.com,completed
ORD202501141648,PROD_B,14,28.41,2025-01-14T13:09:09Z,cliente497@email.com,completed
ORD202501141649,PROD_G,15,102.19,2025-01-14T15:22:15Z,cliente224@email.com,shipped
ORD202501141650,PROD_G,3,109.38,2025-01-14T21:28:40Z,cliente156@email.com,completed
ORD202501141651,PROD_F,20,91.57,2025-01-14T07:43:31Z,cliente238@email.com,completed
ORD202501141652,PROD_C,17,50.25,2025-01-14T23:08:11Z,cliente946@email.com,completed
ORD202501141653,PROD_H,20,128.97,2025-01-14T21:32:30Z,cliente2@email.com,completed
ORD202501141654,PROD_I,3,134.44,2025-01-14T11:25:40Z,cliente266@email.com,completed
ORD202501141655,PROD_J,10,159.85,2025-01-14T23:13:21Z,cliente727@email.com,completed
ORD202501141656,PROD_H,1,120.79,2025-01-14T02:48:36Z,cliente302@email.com,completed
ORD202501141657,PROD_I,14,135.16,2025-01-14T07:08:07Z,cliente159@email.com,completed
ORD202501141658,PROD_A,3,15.42,2025-01-14T06:09:02Z,cliente959@email.com,pending
ORD202501141659,PROD_H,8,130.66,2025-01-14T01:18:04Z,cliente568@email.com,completed
ORD202501141660,PROD_C,6,42.59,2025-01-14T21:14:04Z,cliente183@email.com,completed
ORD202501141661,PROD_C,17,49.66,2025-01-14T14:28:53Z,cliente733@email.com,completed
ORD202501141662,PROD_E,13,82.22,2025-01-14T01:18:48Z,cliente867@email.com,completed
ORD202501141663,PROD_I,19,131.05,2025-01-14T15:11:17Z,cliente913@email.com,completed
ORD202501141664,PROD_C,2,43.93,2025-01-14T13:10:45Z,cliente391@email.com,completed
ORD202501141665,PROD_E,4,71.55,2025-01-14T00:51:46Z,cliente876@email.com,completed
ORD202501141666,PROD_C,7,46.23,2025-01-14T01:00:54Z,cliente266@email.com,completed
ORD202501141667,PROD_H,8,126.96,2025-01-14T15:50:37Z,cliente264@email.com,completed
ORD202501141668,PROD_I,19,131.92,2025-01-14T04:26:14Z,cliente571@email.com,completed
ORD202501141669,PROD_D,16,67.38,2025-01-14T19:10:51Z,cliente941@email.com,pending
ORD202501141670,PROD_J,14,164.35,2025-01-14T06:24:20Z,cliente136@email.com,completed
ORD202501141671,PROD_J,10,163.16,2025-01-14T20:29:35Z,cliente367@email.com,completed
ORD202501141672,PROD_A,20,14.47,2025-01-14T02:37:24Z,cliente81@email.com,completed
ORD202501141673,PROD_E,2,72.77,2025-01-14T17:01:28Z,cliente936@email.com,completed
ORD202501141674,PROD_J,17,146.37,2025-01-14T05:00:16Z,cliente303@email.com,completed
ORD202501141675,PROD_I,17,134.35,2025-01-14T02:30:45Z,cliente727@email.com,completed
ORD202501141676,PROD_H,10,116.56,2025-01-14T19:12:34Z,cliente681@email.com,completed
ORD202501141677,PROD_B,20,32.92,2025-01-14T03:38:59Z,cliente815@email.com,completed
ORD202501141678,PROD_B,2,28.40,2025-01-14T10:10:28Z,cliente185@email.com,completed
ORD202501141679,PROD_E,10,79.26,2025-01-14T21:27:15Z,cliente982@email.com,completed
ORD202501141680,PROD_I,8,152.81,2025-01-14T16:16:26Z,cliente850@email.com,completed
ORD202501141681,PROD_B,8,28.77,2025-01-14T02:17:19Z,cliente426@email.com,completed
ORD202501141682,PROD_G,7,113.06,2025-01-14T10:49:19Z,cliente696@email.com,completed
ORD202501141683,PROD_I,6,145.41,2025-01-14T06:51:55Z,cliente649@email.com,completed
ORD202501141684,PROD_J,17,146.90,2025-01-14T02:53:57Z,cliente960@email.com,shipped
ORD202501141685,PROD_I,14,138.28,2025-01-14T13:55:43Z,cliente874@email.com,completed
ORD202501141686,PROD_H,1,125.71,2025-01-14T16:02:22Z,cliente369@email.com,completed
ORD202501141687,PROD_F,7,97.04,2025-01-14T12:24:13Z,cliente995@email.com,completed
ORD202501141688,PROD_H,7,133.27,2025-01-14T03:09:28Z,cliente457@email.com,completed
ORD202501141689,PROD_C,15,45.43,2025-01-14T05:47:05Z,cliente819@email.com,completed
ORD202501141690,PROD_J,12,164.31,2025-01-14T20:48:29Z,cliente290@email.com,completed
ORD202501141691,PROD_E,7,79.40,2025-01-14T05:19:18Z,cliente634@email.com,completed
ORD202501141692,PROD_E,19,71.99,2025-01-14T01:39:05Z,cliente330@email.com,completed
ORD202501141693,PROD_H,8,135.10,2025-01-14T22:12:53Z,cliente243@email.com,completed
ORD202501141694,PROD_E,19,79.41,2025-01-14T13:39:16Z,cliente330@email.com,completed
ORD202501141695,PROD_H,10,128.17,2025-01-14T14:42:29Z,cliente678@email.com,completed
ORD202501141696,PROD_C,15,47.80,2025-01-14T14:18:41Z,cliente198@email.com,completed
ORD202501141697,PROD_F,-5,90.09,2025-01-14T09:29:58Z,cliente614@email.com,completed
ORD202501141698,PROD_I,18,128.92,2025-01-14T23:30:41Z,cliente251@email.com,completed
ORD202501141699,PROD_C,3,45.24,2025-01-14T06:54:37Z,cliente474@email.com,completed
ORD202501141700,PROD_F,15,99.21,2025-01-14T05:16:08Z,cliente6@email.com,completed
ORD202501141701,PROD_J,20,145.19,2025-01-14T12:53:22Z,cliente65@email.com,completed
ORD202501141702,PROD_D,15,56.95,2025-01-14T13:27:15Z,cliente338@email.com,canceled
ORD202501141703,PROD_C,4,49.35,2025-01-14T18:41:10Z,cliente743@email.com,canceled
ORD202501141704,PROD_G,18,105.29,2025-01-14T13:46:23Z,cliente496@email.com,completed
ORD202501141705,PROD_J,14,140.85,2025-01-14T14:08:48Z,cliente821@email.com,canceled
ORD202501141706,PROD_F,2,83.91,2025-01-14T11:02:23Z,cliente652@email.com,completed
ORD202501141707,PROD_C,19,43.57,2025-01-14T12:08:21Z,cliente860@email.com,completed
ORD202501141708,PROD_I,5,126.76,2025-01-14T07:52:35Z,cliente126@email.com,canceled
ORD202501141709,PROD_B,6,34.04,2025-01-14T13:53:55Z,cliente257@email.com,completed
ORD202501141710,PROD_I,8,149.18,2025-01-14T07:33:57Z,cliente614@email.com,completed
ORD202501141711,PROD_H,14,113.14,2025-01-14T16:55:15Z,cliente286@email.com,completed
ORD202501141712,PROD_A,13,14.50,2025-01-14T09:56:39Z,cliente741@email.com,completed
ORD202501141713,PROD_H,4,111.73,2025-01-14T20:50:25Z,cliente610@email.com,completed
ORD202501141714,PROD_J,9,153.01,2025-01-14T02:55:30Z,cliente470@email.com,completed
ORD202501141715,PROD_C,10,44.90,2025-01-14T01:55:14Z,cliente213@email.com,completed
ORD202501141716,PROD_F,6,101.64,2025-01-14T16:37:53Z,cliente218@email.com,completed
ORD202501141717,PROD_J,18,158.64,2025-01-14T19:42:38Z,cliente652@email.com,completed
ORD202501141718,PROD_C,18,44.08,2025-01-14T00:05:46Z,cliente839@email.com,completed
ORD202501141719,PROD_A,17,15.77,2025-01-14T02:17:12Z,cliente99@email.com,completed
ORD202501141720,PROD_E,12,79.20,2025-01-14T22:56:50Z,cliente681@email.com,completed
ORD202501141721,PROD_H,17,115.91,2025-01-14T08:19:01Z,cliente117@email.com,completed
ORD202501141722,PROD_C,7,48.82,2025-01-14T04:02:11Z,cliente622@email.com,completed
ORD202501141723,PROD_A,19,14.73,2025-01-14T20:37:15Z,cliente835@email.com,completed
ORD202501141724,PROD_H,1,123.15,2025-01-14T05:36:55Z,cliente346@email.com,completed
ORD202501141725,PROD_F,20,90.80,2025-01-14T09:51:12Z,cliente861@email.com,completed
ORD202501141726,PROD_H,17,125.69,2025-01-14T11:22:45Z,cliente505@email.com,completed
ORD202501141727,PROD_B,20,30.14,2025-01-14T04:34:25Z,cliente789@email.com,completed
ORD202501141728,PROD_H,14,112.93,2025-01-14T12:08:54Z,cliente343@email.com,completed
ORD202501141729,PROD_D,8,56.59,2025-01-14T04:42:23Z,cliente149@email.com,completed
ORD202501141730,PROD_I,16,134.95,2025-01-14T12:35:31Z,cliente852@email.com,completed
ORD202501141731,PROD_B,7,31.71,2025-01-14T16:46:29Z,cliente923@email.com,completed
ORD202501141732,PROD_I,19,125.58,2025-01-14T21:56:12Z,cliente171@email.com,canceled
ORD202501141733,PROD_A,2,14.50,2025-01-14T07:08:48Z,cliente548@email.com,completed
ORD202501141734,PROD_B,7,29.11,2025-01-14T10:35:38Z,cliente33@email.com,completed
ORD202501141735,PROD_D,7,62.87,2025-01-14T04:29:16Z,cliente29@email.com,shipped
ORD202501141736,PROD_H,15,124.82,2025-01-14T05:34:42Z,cliente405@email.com,canceled
ORD202501141737,PROD_G,10,108.63,2025-01-14T18:04:53Z,cliente679@email.com,completed
ORD202501141738,PROD_D,17,62.92,2025-01-14T12:03:07Z,cliente994@email.com,completed
ORD202501141739,PROD_E,20,81.64,2025-01-14T11:48:03Z,cliente30@email.com,completed
ORD202501141740,PROD_I,5,148.69,2025-01-14T11:29:25Z,cliente208@email.com,pending
ORD202501141741,PROD_H,12,119.42,2025-01-14T20:09:41Z,cliente857@email.com,completed
ORD202501141742,PROD_G,5,104.13,2025-01-14T15:17:40Z,cliente92@email.com,pending
ORD202501141743,PROD_H,4,128.88,2025-01-14T09:22:26Z,cliente586@email.com,completed
ORD202501141744,PROD_D,7,64.08,2025-01-14T05:40:09Z,cliente20@email.com,completed
ORD202501141745,PROD_B,7,28.01,2025-01-14T07:32:48Z,cliente780@email.com,completed
ORD202501141746,PROD_F,4,89.47,2025-01-14T14:24:45Z,cliente96@email.com,completed
ORD202501141747,PROD_A,5,17.02,2025-01-14T15:56:31Z,cliente854@email.com,completed
ORD202501141748,PROD_C,6,46.97,2025-01-14T05:36:46Z,cliente176@email.com,canceled
ORD202501141749,PROD_F,2,92.44,2025-01-14T12:51:01Z,cliente759@email.com,completed
ORD202501141750,PROD_C,15,45.76,2025-01-14T06:49:39Z,cliente679@email.com,completed
ORD202501141751,PROD_G,7,109.71,2025-01-14T03:48:23Z,cliente523@email.com,completed
ORD202501141752,PROD_B,18,28.89,2025-01-14T11:58:40Z,cliente194@email.com,completed
ORD202501141753,PROD_D,11,56.74,2025-01-14T03:49:14Z,cliente354@email.com,completed
ORD202501141754,PROD_A,15,14.88,2025-01-14T19:58:30Z,cliente29@email.com,completed
ORD202501141755,PROD_A,10,16.44,2025-01-14T14:02:13Z,cliente958@email.com,completed
ORD202501141756,PROD_E,10,81.69,2025-01-14T21:53:39Z,cliente618@email.com,completed
ORD202501141757,PROD_D,6,61.90,2025-01-14T05:20:08Z,cliente598@email.com,completed
ORD202501141758,PROD_I,11,129.08,2025-01-14T00:10:01Z,cliente139@email.com,pending
ORD202501141759,PROD_I,12,138.03,2025-01-14T00:05:04Z,cliente834@email.com,completed
ORD202501141760,PROD_J,6,155.12,2025-01-14T04:57:21Z,cliente117@email.com,completed
ORD202501141761,PROD_A,6,16.18,2025-01-14T15:29:05Z,cliente862@email.com,completed
ORD202501141762,PROD_D,20,58.17,2025-01-14T12:06:32Z,cliente645@email.com,completed
ORD202501141763,PROD_J,9,151.49,2025-01-14T22:44:14Z,cliente623@email.com,completed
ORD202501141764,PROD_C,18,49.34,2025-01-14T10:40:56Z,cliente919@email.com,completed
ORD202501141765,PROD_D,13,59.91,2025-01-14T19:34:42Z,cliente602@email.com,completed
ORD202501141766,PROD_C,4,43.60,2025-01-14T23:10:39Z,cliente634@email.com,completed
ORD202501141767,PROD_D,19,66.77,2025-01-14T12:46:19Z,cliente55@email.com,completed
ORD202501141768,PROD_E,9,80.37,2025-01-14T04:58:16Z,cliente83@email.com,pending
ORD202501141769,PROD_C,14,46.04,2025-01-14T05:29:12Z,cliente846@email.com,completed
ORD202501141770,PROD_C,8,50.97,2025-01-14T02:00:36Z,cliente738@email.com,completed
ORD202501141771,PROD_J,16,149.79,2025-01-14T20:58:32Z,cliente71@email.com,completed
ORD202501141772,PROD_G,4,0.00,2025-01-14T02:17:21Z,cliente21@email.com,completed
ORD202501141773,PROD_B,15,32.64,2025-01-14T10:10:42Z,cliente219@email.com,completed
ORD202501141774,PROD_D,15,64.17,2025-01-14T08:23:55Z,cliente881@email.com,completed
ORD202501141775,PROD_H,14,136.37,2025-01-14T19:24:00Z,cliente259@email.com,completed
ORD202501141776,PROD_J,13,146.35,2025-01-14T08:03:56Z,cliente522@email.com,completed
ORD202501141777,PROD_J,5,144.65,2025-01-14T23:40:19Z,cliente213@email.com,completed
ORD202501141778,PROD_I,3,148.74,2025-01-14T08:27:50Z,cliente572@email.com,completed
ORD202501141779,PROD_D,10,66.74,2025-01-14T11:13:05Z,cliente468@email.com,completed
ORD202501141780,PROD_J,19,152.15,2025-01-14T14:36:52Z,cliente389@email.com,completed
ORD202501141781,PROD_B,2,33.63,2025-01-14T07:21:41Z,cliente10@email.com,pending
ORD202501141782,PROD_G,11,116.77,2025-01-14T03:34:08Z,cliente630@email.com,completed
ORD202501141783,PROD_F,1,88.29,2025-01-14T14:55:58Z,cliente687@email.com,completed
ORD202501141784,PROD_I,9,,2025-01-14T05:42:04Z,cliente849@email.com,completed
ORD202501141785,PROD_G,16,116.04,2025-01-14T00:04:57Z,cliente494@email.com,completed
ORD202501141786,PROD_C,20,42.97,2025-01-14T11:32:13Z,cliente835@email.com,completed
ORD202501141787,PROD_D,3,62.79,2025-01-14T14:17:49Z,cliente695@email.com,completed
ORD202501141788,PROD_E,17,84.10,2025-01-14T19:01:40Z,cliente350@email.com,completed
ORD202501141789,PROD_B,11,30.79,2025-01-14T18:52:42Z,cliente917@email.com,completed
ORD202501141790,PROD_F,16,95.07,2025-01-14T09:33:07Z,cliente103@email.com,completed
ORD202501141791,PROD_G,-1,109.84,2025-01-14T08:04:42Z,cliente606@email.com,completed
ORD202501141792,PROD_H,8,131.82,2025-01-14T09:59:50Z,cliente761@email.com,completed
ORD202501141793,PROD_E,6,73.25,2025-01-14T06:35:42Z,cliente820@email.com,canceled
ORD202501141794,PROD_F,13,89.86,2025-01-14T23:18:53Z,cliente934@email.com,completed
ORD202501141795,PROD_E,6,75.69,2025-01-14T11:25:14Z,cliente250@email.com,completed
ORD202501141796,PROD_H,20,133.03,2025-01-14T15:43:03Z,cliente508@email.com,completed
ORD202501141797,PROD_E,10,78.53,2025-01-14T13:29:13Z,cliente246@email.com,completed
ORD202501141798,PROD_B,1,30.20,2025-01-14T16:11:34Z,cliente338@email.com,completed
ORD202501141799,PROD_F,2,102.02,2025-01-14T02:13:33Z,cliente911@email.com,completed
ORD202501141800,PROD_D,2,65.16,2025-01-14T10:48:31Z,cliente336@email.com,completed
ORD202501141801,PROD_F,20,94.17,2025-01-14T07:32:49Z,cliente333@email.com,completed
ORD202501141802,PROD_F,11,94.51,2025-01-14T11:41:05Z,cliente226@email.com,completed
ORD202501141803,PROD_A,6,16.84,2025-01-14T05:32:00Z,cliente839@email.com,completed
ORD202501141804,PROD_G,11,101.59,2025-01-14T23:26:27Z,cliente874@email.com,completed
ORD202501141805,PROD_H,3,122.45,2025-01-14T07:21:03Z,cliente459@email.com,completed
ORD202501141806,PROD_I,1,135.78,2025-01-14T12:56:24Z,cliente275@email.com,shipped
ORD202501141807,PROD_D,10,57.02,2025-01-14T05:31:13Z,cliente231@email.com,completed
ORD202501141808,PROD_J,11,140.52,2025-01-14T01:11:11Z,cliente952@email.com,completed
ORD202501141809,PROD_E,20,84.57,2025-01-14T03:56:49Z,cliente521@email.com,completed
ORD202501141810,PROD_B,4,31.86,2025-01-14T10:07:01Z,cliente54@email.com,completed
ORD202501141811,PROD_D,3,57.83,2025-01-14T01:29:46Z,cliente812@email.com,completed
ORD202501141812,PROD_C,3,47.55,2025-01-14T23:22:16Z,cliente302@email.com,completed
ORD202501141813,PROD_I,1,151.80,2025-01-14T15:40:43Z,cliente490@email.com,completed
ORD202501141814,PROD_I,17,140.44,2025-01-14T14:09:21Z,cliente830@email.com,completed
ORD202501141815,PROD_G,11,102.94,2025-01-14T16:23:47Z,cliente782@email.com,completed
ORD202501141816,PROD_D,8,55.97,2025-01-14T14:38:01Z,cliente255@email.com,completed
ORD202501141817,PROD_C,14,48.26,2025-01-14T20:32:43Z,cliente496@email.com,completed
ORD202501141818,PROD_A,17,15.46,2025-01-14T05:26:00Z,cliente80@email.com,completed
ORD202501141819,PROD_J,2,144.31,2025-01-14T12:40:04Z,cliente399@email.com,completed
ORD202501141820,PROD_D,6,55.84,2025-01-14T00:32:11Z,cliente766@email.com,completed
ORD202501141821,PROD_D,16,67.58,2025-01-14T20:38:36Z,cliente825@email.com,completed
ORD202501141822,PROD_D,14,56.56,2025-01-14T14:05:38Z,cliente72@email.com,shipped
ORD202501141823,PROD_J,4,154.35,2025-01-14T13:48:42Z,cliente171@email.com,completed
ORD202501141824,PROD_I,17,143.76,2025-01-14T23:43:04Z,cliente140@email.com,completed
ORD202501141825,PROD_B,14,28.57,2025-01-14T17:57:31Z,cliente505@email.com,completed
ORD202501141826,PROD_J,13,150.89,2025-01-14T02:04:31Z,cliente361@email.com,completed
ORD202501141827,PROD_G,12,117.55,2025-01-14T02:44:13Z,cliente749@email.com,completed
ORD202501141828,PROD_E,4,70.60,2025-01-14T00:47:54Z,cliente397@email.com,completed
ORD202501141829,PROD_B,13,31.66,2025-01-14T13:19:16Z,cliente473@email.com,completed
ORD202501141830,PROD_A,20,14.53,2025-01-14T22:01:33Z,cliente319@email.com,completed
ORD202501141831,PROD_E,16,80.87,2025-01-14T11:16:19Z,cliente914@email.com,completed
ORD202501141832,PROD_G,4,114.32,2025-01-14T03:31:51Z,cliente124@email.com,canceled
ORD202501141833,PROD_F,11,99.35,2025-01-14T02:35:33Z,cliente653@email.com,completed
ORD202501141834,PROD_G,9,106.24,2025-01-14T16:10:56Z,cliente943@email.com,completed
ORD202501141835,PROD_E,14,75.85,2025-01-14T09:20:04Z,cliente177@email.com,completed
ORD202501141836,PROD_C,4,42.77,2025-01-14T14:53:56Z,cliente623@email.com,completed
ORD202501141837,PROD_D,12,58.12,2025-01-14T19:13:24Z,cliente216@email.com,completed
ORD202501141838,PROD_C,14,43.51,2025-01-14T15:54:43Z,cliente176@email.com,completed
ORD202501141839,PROD_E,1,78.28,2025-01-14T06:56:54Z,cliente971@email.com,completed
ORD202501141840,PROD_B,16,30.58,2025-01-14T10:11:20Z,cliente906@email.com,completed
ORD202501141841,PROD_J,4,152.57,2025-01-14T05:34:14Z,cliente595@email.com,completed
ORD202501141842,PROD_C,12,47.37,2025-01-14T20:04:58Z,cliente394@email.com,completed
ORD202501141843,PROD_J,10,142.61,2025-01-14T17:01:37Z,cliente336@email.com,completed
ORD202501141844,PROD_D,10,58.81,2025-01-14T09:48:51Z,cliente238@email.com,completed
ORD202501141845,PROD_A,1,14.76,2025-01-14T17:24:42Z,cliente364@email.com,completed
ORD202501141846,PROD_A,20,14.11,2025-01-14T19:02:12Z,cliente625@email.com,completed
ORD202501141847,PROD_B,11,29.94,2025-01-14T13:28:25Z,cliente88@email.com,completed
ORD202501141848,PROD_B,19,29.24,2025-01-14T05:37:46Z,cliente244@email.com,pending
ORD202501141849,PROD_J,14,155.42,2025-01-14T15:02:47Z,cliente671@email.com,completed
ORD202501141850,PROD_C,12,48.49,2025-01-14T16:57:23Z,cliente871@email.com,completed
ORD202501141851,PROD_A,1,14.13,2025-01-14T20:04:27Z,cliente434@email.com,completed
ORD202501141852,PROD_A,12,14.25,2025-01-14T17:54:52Z,cliente265@email.com,completed
ORD202501141853,PROD_A,3,15.89,2025-01-14T06:35:23Z,cliente703@email.com,shipped
ORD202501141854,PROD_G,3,107.48,2025-01-14T03:16:46Z,cliente811@email.com,completed
ORD202501141855,PROD_F,5,97.36,2025-01-14T04:09:36Z,cliente454@email.com,completed
ORD202501141856,PROD_G,16,105.33,2025-01-14T19:21:38Z,cliente208@email.com,completed
ORD202501141857,PROD_A,15,14.73,2025-01-14T07:39:19Z,cliente964@email.com,pending
ORD202501141858,PROD_D,7,58.47,2025-01-14T08:21:47Z,cliente361@email.com,shipped
ORD202501141859,PROD_G,6,103.31,2025-01-14T20:48:06Z,cliente72@email.com,completed
ORD202501141860,PROD_I,4,147.26,2025-01-14T03:51:14Z,cliente318@email.com,canceled
ORD202501141861,PROD_H,13,126.48,2025-01-14T06:41:53Z,cliente910@email.com,canceled
ORD202501141862,PROD_F,20,97.90,2025-01-14T07:31:44Z,cliente815@email.com,completed
ORD202501141863,PROD_B,20,33.04,2025-01-14T06:28:47Z,cliente481@email.com,completed
ORD202501141864,PROD_F,6,97.47,2025-01-14T05:34:02Z,cliente658@email.com,completed
ORD202501141865,PROD_H,15,116.85,2025-01-14T07:46:43Z,cliente253@email.com,completed
ORD202501141866,PROD_A,14,14.47,2025-01-14T17:20:13Z,cliente759@email.com,completed
ORD202501141867,PROD_A,10,14.94,2025-01-14T06:09:28Z,cliente181@email.com,completed
ORD202501141868,PROD_B,6,33.84,2025-01-14T23:01:25Z,cliente272@email.com,completed
ORD202501141869,PROD_F,8,94.42,2025-01-14T23:12:33Z,cliente875@email.com,completed
ORD202501141870,PROD_A,14,14.68,2025-01-14T22:29:44Z,cliente947@email.com,completed
ORD202501141871,PROD_D,13,56.81,2025-01-14T09:31:57Z,cliente899@email.com,completed
ORD202501141872,PROD_A,13,15.30,2025-01-14T05:15:19Z,cliente895@email.com,shipped
ORD202501141873,PROD_J,6,147.12,2025-01-14T21:48:26Z,cliente524@email.com,pending
ORD202501141874,PROD_A,4,15.52,2025-01-14T23:14:14Z,cliente188@email.com,completed
ORD202501141875,PROD_B,20,31.54,2025-01-14T16:33:37Z,cliente105@email.com,completed
ORD202501141876,PROD_E,17,73.56,2025-01-14T23:51:18Z,cliente355@email.com,completed
ORD202501141877,PROD_G,11,104.75,2025-01-14T08:17:15Z,cliente519@email.com,completed
ORD202501141878,PROD_B,17,30.83,2025-01-14T15:19:45Z,cliente177@email.com,completed
ORD202501141879,PROD_F,5,100.33,2025-01-14T06:29:54Z,cliente817@email.com,completed
ORD202501141880,PROD_J,12,157.24,2025-01-14T08:57:04Z,cliente15@email.com,completed
ORD202501141881,PROD_C,4,50.15,2025-01-14T08:24:46Z,cliente589@email.com,completed
ORD202501141882,PROD_D,13,63.47,2025-01-14T17:58:31Z,cliente27@email.com,completed
ORD202501141883,PROD_H,15,113.48,2025-01-14T07:58:37Z,cliente949@email.com,completed
ORD202501141884,PROD_B,10,28.92,2025-01-14T09:15:44Z,cliente669@email.com,completed
ORD202501141885,PROD_C,17,45.68,2025-01-14T17:09:14Z,cliente790@email.com,pending
ORD202501141886,PROD_F,20,84.30,2025-01-14T01:39:51Z,cliente435@email.com,completed
ORD202501141887,PROD_A,2,14.16,2025-01-14T20:04:31Z,cliente564@email.com,completed
ORD202501141888,PROD_E,14,80.79,2025-01-14T16:51:10Z,cliente249@email.com,completed
ORD202501141889,PROD_C,17,41.86,2025-01-14T06:29:43Z,cliente49@email.com,completed
ORD202501141890,PROD_H,12,132.27,2025-01-14T23:09:59Z,cliente356@email.com,completed
ORD202501141891,PROD_B,20,31.49,2025-01-14T12:38:38Z,cliente325@email.com,completed
ORD202501141892,PROD_H,-5,124.33,2025-01-14T16:30:42Z,cliente142@email.com,completed
ORD202501141893,PROD_E,20,81.50,2025-01-14T15:56:45Z,cliente251@email.com,shipped
ORD202501141894,PROD_F,10,102.21,2025-01-14T12:42:03Z,cliente817@email.com,completed
ORD202501141895,PROD_A,18,15.61,2025-01-14T07:31:52Z,cliente878@email.com,completed
ORD202501141896,PROD_G,14,109.99,2025-01-14T15:06:28Z,cliente864@email.com,completed
ORD202501141897,PROD_A,9,16.53,2025-01-14T08:40:28Z,cliente536@email.com,completed
ORD202501141898,PROD_I,17,146.46,2025-01-14T20:19:52Z,cliente986@email.com,completed
ORD202501141899,PROD_F,8,86.67,2025-01-14T19:10:13Z,cliente321@email.com,completed
ORD202501141900,PROD_J,8,155.28,2025-01-14T23:31:23Z,cliente705@email.com,canceled
ORD202501141901,PROD_F,12,98.94,2025-01-14T08:49:44Z,cliente337@email.com,completed
ORD202501141902,PROD_D,15,65.61,2025-01-14T21:27:44Z,cliente34@email.com,completed
ORD202501141903,PROD_E,11,81.56,2025-01-14T18:50:06Z,cliente597@email.com,completed
ORD202501141904,PROD_E,10,84.77,2025-01-14T07:37:49Z,cliente557@email.com,completed
ORD202501141905,PROD_B,10,30.90,2025-01-14T17:27:28Z,cliente221@email.com,pending
ORD202501141906,PROD_G,17,103.40,2025-01-14T12:25:00Z,cliente694@email.com,completed
ORD202501141907,PROD_F,9,101.94,2025-01-14T00:24:18Z,cliente891@email.com,canceled
ORD202501141908,PROD_G,1,112.34,2025-01-14T14:17:10Z,cliente228@email.com,completed
ORD202501141909,PROD_H,16,120.23,2025-01-14T02:18:14Z,cliente635@email.com,completed
ORD202501141910,PROD_H,19,133.82,2025-01-14T07:38:59Z,cliente223@email.com,canceled
ORD202501141911,PROD_B,14,30.17,2025-01-14T11:53:19Z,cliente531@email.com,completed
ORD202501141912,PROD_C,16,42.32,2025-01-14T13:11:39Z,cliente178@email.com,completed
ORD202501141913,PROD_E,15,85.24,2025-01-14T23:24:28Z,cliente60@email.com,completed
ORD202501141914,PROD_I,7,129.91,2025-01-14T16:49:06Z,cliente787@email.com,completed
ORD202501141915,PROD_C,5,43.72,2025-01-14T16:29:48Z,cliente355@email.com,shipped
ORD202501141916,PROD_C,4,42.11,2025-01-14T16:58:58Z,cliente643@email.com,completed
ORD202501141917,PROD_B,2,33.70,2025-01-14T10:37:27Z,cliente204@email.com,completed
ORD202501141918,PROD_F,5,92.40,2025-01-14T07:51:47Z,cliente426@email.com,completed
ORD202501141919,PROD_E,14,84.01,2025-01-14T21:17:36Z,cliente977@email.com,completed
ORD202501141920,PROD_C,12,48.08,2025-01-14T17:46:35Z,cliente942@email.com,completed
ORD202501141921,PROD_H,4,113.00,2025-01-14T16:37:13Z,cliente738@email.com,completed
ORD202501141922,PROD_I,16,127.45,2025-01-14T08:18:44Z,cliente362@email.com,completed
ORD202501141923,PROD_G,10,110.77,2025-01-14T20:17:36Z,cliente664@email.com,shipped
ORD202501141924,PROD_D,15,64.46,2025-01-14T13:14:57Z,cliente449@email.com,completed
ORD202501141925,PROD_I,3,132.38,2025-01-14T08:39:40Z,cliente10@email.com,completed
ORD202501141926,PROD_A,13,15.38,2025-01-14T08:13:09Z,cliente848@email.com,completed
ORD202501141927,PROD_G,8,100.38,2025-01-14T06:35:48Z,cliente333@email.com,shipped
ORD202501141928,PROD_C,13,44.64,2025-01-14T23:22:11Z,cliente797@email.com,pending
ORD202501141929,PROD_A,16,15.89,2025-01-14T20:17:43Z,cliente341@email.com,completed
ORD202501141930,PROD_B,-2,29.57,2025-01-14T05:15:03Z,cliente813@email.com,completed
ORD202501141931,PROD_J,19,144.83,2025-01-14T00:43:08Z,cliente351@email.com,completed
ORD202501141932,PROD_F,9,87.11,2025-01-14T22:21:40Z,cliente526@email.com,completed
ORD202501141933,PROD_F,3,84.54,2025-01-14T11:37:47Z,cliente821@email.com,completed
ORD202501141934,PROD_A,20,14.34,2025-01-14T08:41:13Z,cliente469@email.com,completed
ORD202501141935,PROD_D,16,56.37,2025-01-14T22:44:14Z,cliente822@email.com,completed
ORD202501141936,PROD_B,7,32.27,2025-01-14T00:24:45Z,cliente139@email.com,completed
ORD202501141937,PROD_H,1,114.28,2025-01-14T14:52:00Z,cliente433@email.com,completed
ORD202501141938,PROD_A,11,14.64,2025-01-14T01:08:41Z,cliente108@email.com,shipped
ORD202501141939,PROD_A,5,16.80,2025-01-14T03:38:00Z,cliente129@email.com,canceled
ORD202501141940,PROD_I,14,128.55,2025-01-14T02:27:35Z,cliente412@email.com,pending
ORD202501141941,PROD_I,20,127.43,2025-01-14T05:54:38Z,cliente467@email.com,completed
ORD202501141942,PROD_G,2,115.79,2025-01-14T01:07:35Z,cliente8@email.com,completed
ORD202501141943,PROD_J,18,155.50,2025-01-14T23:43:31Z,cliente55@email.com,completed
ORD202501141944,PROD_H,13,127.90,2025-01-14T15:57:28Z,cliente605@email.com,completed
ORD202501141945,PROD_E,17,84.64,2025-01-14T20:56:32Z,cliente827@email.com,completed
ORD202501141946,PROD_H,13,135.04,2025-01-14T01:52:51Z,cliente831@email.com,completed
ORD202501141947,PROD_F,1,97.16,2025-01-14T16:31:08Z,cliente447@email.com,completed
ORD202501141948,PROD_F,18,100.65,2025-01-14T18:47:41Z,cliente30@email.com,completed
ORD202501141949,PROD_C,3,50.64,2025-01-14T11:38:09Z,cliente431@email.com,completed
ORD202501141950,PROD_A,11,15.15,2025-01-14T22:51:47Z,cliente57@email.com,completed
ORD202501141951,PROD_G,18,110.53,2025-01-14T15:33:20Z,cliente153@email.com,completed
ORD202501141952,PROD_H,18,112.63,2025-01-14T21:02:50Z,cliente754@email.com,pending
ORD202501141953,PROD_B,14,33.09,2025-01-14T02:41:08Z,cliente294@email.com,completed
ORD202501141954,PROD_C,12,44.44,2025-01-14T14:53:08Z,cliente944@email.com,completed
ORD202501141955,PROD_H,11,135.89,2025-01-14T21:39:45Z,cliente894@email.com,completed
ORD202501141956,PROD_E,13,77.37,2025-01-14T06:40:59Z,cliente450@email.com,completed
ORD202501141957,PROD_H,4,133.68,2025-01-14T15:24:53Z,cliente928@email.com,completed
ORD202501141958,PROD_F,16,96.15,2025-01-14T12:22:41Z,cliente353@email.com,completed
ORD202501141959,PROD_G,8,106.87,2025-01-14T03:22:40Z,cliente412@email.com,completed
ORD202501141960,PROD_E,8,78.31,2025-01-14T00:21:24Z,cliente500@email.com,completed
ORD202501141961,PROD_C,13,46.55,2025-01-14T09:50:46Z,cliente120@email.com,completed
ORD202501141962,PROD_D,19,66.81,2025-01-14T03:02:38Z,cliente329@email.com,completed
ORD202501141963,PROD_I,8,145.59,2025-01-14T09:09:58Z,cliente115@email.com,completed
ORD202501141964,PROD_F,12,89.11,2025-01-14T02:07:01Z,cliente102@email.com,shipped
ORD202501141965,PROD_A,10,15.23,2025-01-14T03:26:17Z,cliente864@email.com,completed
ORD202501141966,PROD_I,10,139.34,2025-01-14T13:48:37Z,cliente816@email.com,completed
ORD202501141967,PROD_H,4,128.11,2025-01-14T21:03:52Z,cliente942@email.com,completed
ORD202501141968,PROD_B,6,33.11,2025-01-14T05:01:56Z,cliente45@email.com,completed
ORD202501141969,PROD_F,4,92.63,2025-01-14T03:54:13Z,cliente669@email.com,completed
ORD202501141970,PROD_D,4,63.75,2025-01-14T04:42:32Z,cliente280@email.com,completed
ORD202501141971,PROD_D,1,64.50,2025-01-14T14:46:47Z,cliente249@email.com,completed
ORD202501141972,PROD_H,2,131.41,2025-01-14T01:33:06Z,cliente45@email.com,completed
ORD202501141973,PROD_J,13,169.80,2025-01-14T17:22:41Z,cliente956@email.com,completed
ORD202501141974,PROD_C,2,48.66,2025-01-14T19:12:33Z,cliente552@email.com,canceled
ORD202501141975,PROD_I,4,127.70,2025-01-14T02:03:36Z,cliente927@email.com,completed
ORD202501141976,PROD_H,7,133.88,2025-01-14T21:10:41Z,cliente813@email.com,completed
ORD202501141977,PROD_A,5,16.29,2025-01-14T02:39:26Z,cliente581@email.com,completed
ORD202501141978,PROD_E,5,83.93,2025-01-14T00:45:38Z,cliente637@email.com,completed
ORD202501141979,PROD_B,12,33.66,2025-01-14T05:52:46Z,cliente323@email.com,completed
ORD202501141980,PROD_J,9,153.69,2025-01-14T17:53:29Z,cliente450@email.com,completed
ORD202501141981,PROD_D,3,58.16,2025-01-14T09:22:31Z,cliente915@email.com,completed
ORD202501141982,PROD_G,2,117.71,2025-01-14T15:11:06Z,cliente55@email.com,shipped
ORD202501141983,PROD_C,5,46.85,2025-01-14T13:09:23Z,cliente347@email.com,completed
ORD202501141984,PROD_C,17,49.80,2025-01-14T21:43:21Z,cliente145@email.com,shipped
ORD202501141985,PROD_A,2,15.06,2025-01-14T20:35:15Z,cliente912@email.com,completed
ORD202501141986,PROD_I,16,152.07,2025-01-14T15:06:08Z,cliente730@email.com,completed
ORD202501141987,PROD_B,12,32.09,2025-01-14T16:38:28Z,cliente36@email.com,completed
ORD202501141988,PROD_I,1,132.39,2025-01-14T02:03:46Z,cliente654@email.com,completed
ORD202501141989,PROD_E,12,76.73,2025-01-14T02:34:25Z,cliente618@email.com,completed
ORD202501141990,PROD_F,18,93.43,2025-01-14T19:17:26Z,cliente952@email.com,completed
ORD202501141991,PROD_A,11,15.03,2025-01-14T09:08:57Z,cliente836@email.com,completed
ORD202501141992,PROD_E,7,71.72,2025-01-14T17:29:14Z,cliente88@email.com,completed
ORD202501141993,PROD_A,12,13.98,2025-01-14T12:07:32Z,cliente413@email.com,completed
ORD202501141994,PROD_J,11,159.84,2025-01-14T00:19:55Z,cliente193@email.com,completed
ORD202501141995,PROD_E,19,71.08,2025-01-14T09:18:39Z,cliente213@email.com,completed
ORD202501141996,PROD_E,20,74.91,2025-01-14T12:24:30Z,cliente644@email.com,completed
ORD202501141997,PROD_A,11,16.01,2025-01-14T12:53:34Z,cliente533@email.com,completed
ORD202501141998,PROD_F,16,87.82,2025-01-14T06:51:35Z,cliente165@email.com,completed
ORD202501141999,PROD_H,6,125.80,2025-01-14T03:28:33Z,cliente451@email.com,completed
